date,station,value_total,value_w_corrupt
1/6/22,MSNBC,0,0
1/7/22,MSNBC,0.3183,0
1/8/22,MSNBC,0.2384,0
1/9/22,MSNBC,1.2003,0.1091
1/10/22,MSNBC,2.6225,0.1505
1/11/22,MSNBC,1.4165,0.0634
1/12/22,MSNBC,0.2926,0
1/13/22,MSNBC,0.5456,0.063
1/14/22,MSNBC,0.4727,0.0215
1/15/22,MSNBC,0.9324,0.0636
1/16/22,MSNBC,0.1898,0.0422
1/17/22,MSNBC,1.2788,0.1468
1/18/22,MSNBC,0.5532,0
1/19/22,MSNBC,3.2144,0.2087
1/20/22,MSNBC,4.4908,1.2033
1/21/22,MSNBC,4.1542,0.5326
1/22/22,MSNBC,3.3615,0.4771
1/23/22,MSNBC,3.8521,0.4622
1/24/22,MSNBC,6.1509,0.6644
1/25/22,MSNBC,5.7777,0.8583
1/26/22,MSNBC,4.6586,0.6169
1/27/22,MSNBC,3.1983,0.533
1/28/22,MSNBC,4.5564,0.5915
1/29/22,MSNBC,5.2383,0.7299
1/30/22,MSNBC,3.657,0.2566
1/31/22,MSNBC,5.272,0.2092
2/1/22,MSNBC,3.2616,0.23
2/2/22,MSNBC,4.1087,0.2283
2/3/22,MSNBC,3.512,0.3902
2/4/22,MSNBC,3.6027,0.1874
2/5/22,MSNBC,1.7379,0.1047
2/6/22,MSNBC,3.0221,0.2898
2/7/22,MSNBC,4.283,0.5459
2/8/22,MSNBC,4.4823,0.5603
2/9/22,MSNBC,2.7991,0.1866
2/10/22,MSNBC,3.4784,0.2708
2/11/22,MSNBC,4.5908,0.7894
2/12/22,MSNBC,3.6549,0.85
2/13/22,MSNBC,4.4552,0.9518
2/14/22,MSNBC,6.8294,0.9848
2/15/22,MSNBC,7.7348,0.8185
2/16/22,MSNBC,7.781,0.9648
2/17/22,MSNBC,6.202,0.4356
2/18/22,MSNBC,8.0248,0.7859
2/19/22,MSNBC,9.7928,1.2346
2/20/22,MSNBC,4.7639,0.872
2/21/22,MSNBC,9.5896,1.2758
2/22/22,MSNBC,19.9876,1.5327
2/23/22,MSNBC,13.5717,1.2338
2/24/22,MSNBC,19.6877,1.1465
2/25/22,MSNBC,15.8149,0.7992
2/26/22,MSNBC,19.1908,0.8654
2/27/22,MSNBC,18.0104,0.7949
2/28/22,MSNBC,16.396,0.7243
3/1/22,MSNBC,16.8092,1.1976
3/2/22,MSNBC,14.8333,1.4792
3/3/22,MSNBC,14.2606,0.5704
3/4/22,MSNBC,18.0069,0.4972
3/5/22,MSNBC,19.386,0.3509
3/6/22,MSNBC,19.793,0.4436
3/7/22,MSNBC,15.4339,0.3634
3/8/22,MSNBC,16.0989,0.4556
3/9/22,MSNBC,16.9827,0.4425
3/10/22,MSNBC,18.9369,0.5814
3/11/22,MSNBC,17.1357,0.5212
3/12/22,MSNBC,16.7205,0.6886
3/13/22,MSNBC,18.66,0.4174
3/14/22,MSNBC,17.2183,0.5027
3/15/22,MSNBC,15.1711,0.5634
3/16/22,MSNBC,17.0433,1.4721
3/17/22,MSNBC,16.1081,1.4244
3/18/22,MSNBC,15.2758,1.0614
3/19/22,MSNBC,14.7447,0.6602
3/20/22,MSNBC,17.5047,1.1684
3/21/22,MSNBC,13.3857,0.6364
3/22/22,MSNBC,7.3424,0.5587
3/23/22,MSNBC,8.6175,0.558
3/24/22,MSNBC,13.0023,1.1539
3/25/22,MSNBC,11.6129,1.4984
3/26/22,MSNBC,13.8283,1.4073
3/27/22,MSNBC,13.8694,1.5709
3/28/22,MSNBC,11.7635,1.3777
3/29/22,MSNBC,9.7561,0.7088
3/30/22,MSNBC,9.99,0.3255
3/31/22,MSNBC,10.0427,0.5769
4/1/22,MSNBC,9.5037,0.4897
4/2/22,MSNBC,10.6007,0.1325
4/3/22,MSNBC,8.3909,0.1941
4/4/22,MSNBC,9.8203,0.2995
4/5/22,MSNBC,9.2988,0.2395
4/6/22,MSNBC,9.0712,0.4546
4/7/22,MSNBC,9.1942,0.2572
4/8/22,MSNBC,8.6545,0.1938
4/9/22,MSNBC,7.1659,0.0861
4/10/22,MSNBC,8.6283,0.1885
4/11/22,MSNBC,8.0179,0.2339
4/12/22,MSNBC,5.2012,0.1498
4/13/22,MSNBC,7.8671,1.2219
4/14/22,MSNBC,8.0139,0.7797
4/15/22,MSNBC,8.7341,0.6254
4/16/22,MSNBC,7.0477,0.2149
4/17/22,MSNBC,7.5341,0.6928
4/18/22,MSNBC,7.8831,0.3986
4/19/22,MSNBC,9.1821,0.4057
4/20/22,MSNBC,8.7106,0.6651
4/21/22,MSNBC,9.2249,1.0677
4/22/22,MSNBC,5.9222,0.423
4/23/22,MSNBC,7.3019,0.1927
4/24/22,MSNBC,6.4502,0.2971
4/25/22,MSNBC,8.4202,0.4678
4/26/22,MSNBC,7.8685,0.4242
4/27/22,MSNBC,7.0004,0.3101
4/28/22,MSNBC,7.7024,1.0037
4/29/22,MSNBC,7.5774,0.6809
4/30/22,MSNBC,6.0547,0.3448
5/1/22,MSNBC,7.5978,0.3955
5/2/22,MSNBC,6.6737,0.4025
5/3/22,MSNBC,2.2718,0.2231
5/4/22,MSNBC,2.6399,0.0845
5/5/22,MSNBC,4.1597,0.209
5/6/22,MSNBC,5.8292,0.3657
5/7/22,MSNBC,5.1025,0.7472
5/8/22,MSNBC,5.0748,1.388
5/9/22,MSNBC,6.397,0.7842
5/10/22,MSNBC,7.8566,0.8706
5/11/22,MSNBC,3.8217,0.226
5/12/22,MSNBC,4.3033,0.2716
5/13/22,MSNBC,3.99,0.1455
5/14/22,MSNBC,2.3337,0.0207
5/15/22,MSNBC,1.8375,0.0408
5/16/22,MSNBC,1.6772,0.0205
5/17/22,MSNBC,2.5257,0.1027
5/18/22,MSNBC,1.8771,0.0413
5/19/22,MSNBC,3.8878,0.2337
5/20/22,MSNBC,4.3506,0.3347
5/21/22,MSNBC,2.0155,0.2729
5/22/22,MSNBC,3.0403,0.2068
5/23/22,MSNBC,4.0484,0.313
5/24/22,MSNBC,2.5,0.2459
5/25/22,MSNBC,0.2054,0
5/26/22,MSNBC,0.3142,0
5/27/22,MSNBC,0.232,0
5/28/22,MSNBC,0.4403,0
5/29/22,MSNBC,0.5721,0
5/30/22,MSNBC,1.4743,0.0421
5/31/22,MSNBC,3.0829,0.2141
6/1/22,MSNBC,4.0302,0.5668
6/2/22,MSNBC,3.3298,0.4296
6/3/22,MSNBC,2.7382,0.1294
6/4/22,MSNBC,3.1753,0.3387
6/5/22,MSNBC,1.533,0.0414
6/6/22,MSNBC,1.5298,0.021
6/7/22,MSNBC,3.7414,0.2079
6/8/22,MSNBC,0.3514,0
6/9/22,MSNBC,0.4374,0.0417
6/10/22,MSNBC,0.4452,0.0607
6/11/22,MSNBC,0.7523,0.0407
6/12/22,MSNBC,0.5412,0.0401
6/13/22,MSNBC,0.7193,0.0411
6/14/22,MSNBC,0.7699,0.104
6/15/22,MSNBC,1.6468,0.1647
6/16/22,MSNBC,1.289,0.2495
6/17/22,MSNBC,2.0025,0.2503
6/18/22,MSNBC,1.2928,0.1231
6/19/22,MSNBC,0.8153,0.0815
6/20/22,MSNBC,2.1584,0.0611
6/21/22,MSNBC,1.5948,0.1022
6/22/22,MSNBC,0.5682,0.021
6/23/22,MSNBC,0.9389,0.1252
6/24/22,MSNBC,0.1856,0.0206
6/25/22,MSNBC,0.2098,0.0954
6/26/22,MSNBC,0.9526,0.1242
6/27/22,MSNBC,2.2369,0.3409
6/28/22,MSNBC,1.7846,0.084
6/29/22,MSNBC,1.3499,0.1106
6/30/22,MSNBC,2.4013,0.202
7/1/22,MSNBC,2.8122,0.143
7/2/22,MSNBC,1.5343,0.0677
7/3/22,MSNBC,0.7097,0.0222
7/4/22,MSNBC,1.5378,0.1685
7/5/22,MSNBC,0.5678,0.0655
7/6/22,MSNBC,0.4355,0.0436
7/7/22,MSNBC,1.622,0.1577
7/8/22,MSNBC,1.4434,0.0677
7/9/22,MSNBC,0.4677,0
7/10/22,MSNBC,0.6426,0
7/11/22,MSNBC,0.8917,0.1062
7/12/22,MSNBC,0.5706,0.0634
7/13/22,MSNBC,0.5466,0.0965
7/14/22,MSNBC,1.1179,0.0877
7/15/22,MSNBC,1.4363,0.1571
7/16/22,MSNBC,1.7884,0
7/17/22,MSNBC,0.5236,0.0436
7/18/22,MSNBC,0.8105,0.0208
7/19/22,MSNBC,1.723,0.243
7/20/22,MSNBC,2.3666,0.1721
7/21/22,MSNBC,0.9438,0
7/22/22,MSNBC,0.0856,0
7/23/22,MSNBC,0.6914,0.0216
7/24/22,MSNBC,1.1942,0.021
7/25/22,MSNBC,1.1356,0.0429
7/26/22,MSNBC,1.5794,0.0216
7/27/22,MSNBC,0.664,0.0664
7/28/22,MSNBC,1.767,0.1527
7/29/22,MSNBC,1.2248,0.0656
7/30/22,MSNBC,0.6832,0
7/31/22,MSNBC,0.4444,0.0212
8/1/22,MSNBC,1.1,0.0208
8/2/22,MSNBC,0.5703,0
8/3/22,MSNBC,0.5499,0.0423
8/4/22,MSNBC,0.837,0.022
8/5/22,MSNBC,1.1785,0.0643
8/6/22,MSNBC,1.0084,0.0215
8/7/22,MSNBC,0.3758,0.0209
8/8/22,MSNBC,1.1537,0.0618
8/9/22,MSNBC,0.1882,0
8/10/22,MSNBC,0.7708,0.022
8/11/22,MSNBC,1.4662,0.0425
8/12/22,MSNBC,0.5058,0
8/13/22,MSNBC,0.503,0
8/14/22,MSNBC,0.2953,0
8/15/22,MSNBC,0.2292,0.0833
8/16/22,MSNBC,0.6022,0.086
8/17/22,MSNBC,0.3373,0.0843
8/18/22,MSNBC,1.0335,0.0211
8/19/22,MSNBC,1.7533,0.0417
8/20/22,MSNBC,1.7364,0.0209
8/21/22,MSNBC,1.4028,0.0638
8/22/22,MSNBC,2.499,0.1458
8/23/22,MSNBC,1.0817,0.0424
8/24/22,MSNBC,1.9198,0.1706
8/25/22,MSNBC,2.1538,0.1938
8/26/22,MSNBC,0.9328,0.0212
8/27/22,MSNBC,0.5535,0.0852
8/28/22,MSNBC,0.6594,0.0412
8/29/22,MSNBC,1.6015,0
8/30/22,MSNBC,1.8997,0.064
8/31/22,MSNBC,1.0461,0
9/1/22,MSNBC,1.3158,0.0212
9/2/22,MSNBC,0.9755,0
9/3/22,MSNBC,0.1871,0
9/4/22,MSNBC,0.2253,0
9/5/22,MSNBC,0.9769,0.0208
9/6/22,MSNBC,1.3836,0.0426
9/7/22,MSNBC,1.168,0.0212
9/8/22,MSNBC,0.4642,0.0422
9/9/22,MSNBC,0.303,0.0466
9/10/22,MSNBC,0.6259,0.0196
9/11/22,MSNBC,1.2424,0
9/12/22,MSNBC,3.3995,0.041
9/13/22,MSNBC,3.206,0.1225
9/14/22,MSNBC,1.2425,0.1071
9/15/22,MSNBC,2.6063,0.0834
9/16/22,MSNBC,1.5467,0.1031
9/17/22,MSNBC,1.9263,0.0209
9/18/22,MSNBC,1.2046,0.0612
9/19/22,MSNBC,0.9468,0.0451
9/20/22,MSNBC,2.6678,0.2541
9/21/22,MSNBC,3.5265,0.4331
9/22/22,MSNBC,3.2358,0.2267
9/23/22,MSNBC,3.1603,0.0628
9/24/22,MSNBC,1.5886,0.0413
9/25/22,MSNBC,1.2129,0.0606
9/26/22,MSNBC,2.6344,0.1062
9/27/22,MSNBC,1.3769,0
9/28/22,MSNBC,1.0529,0
9/29/22,MSNBC,0.0905,0
9/30/22,MSNBC,1.838,0.1923
10/1/22,MSNBC,2.6491,0.1508
10/2/22,MSNBC,1.8201,0.0214
10/3/22,MSNBC,1.8549,0.2293
10/4/22,MSNBC,1.4555,0.0642
10/5/22,MSNBC,2.1781,0.2538
10/6/22,MSNBC,1.2269,0.0215
10/7/22,MSNBC,3.1039,0.4645
10/8/22,MSNBC,1.832,0.0842
10/9/22,MSNBC,1.1642,0.1455
10/10/22,MSNBC,3.8865,0.3085
10/11/22,MSNBC,4.531,0.3404
10/12/22,MSNBC,2.7935,0.3781
10/13/22,MSNBC,0.6682,0.0405
10/14/22,MSNBC,0.8095,0.0208
10/15/22,MSNBC,0.8988,0.0856
10/16/22,MSNBC,0.4994,0.0416
10/17/22,MSNBC,1.3929,0.0205
10/18/22,MSNBC,1.5209,0.0422
10/19/22,MSNBC,2.2974,0.0821
10/20/22,MSNBC,2.583,0.2255
10/21/22,MSNBC,1.6827,0.1436
10/22/22,MSNBC,0.8503,0.0415
10/23/22,MSNBC,0.9893,0.0412
10/24/22,MSNBC,1.091,0.0206
10/25/22,MSNBC,2.2282,0.1874
10/26/22,MSNBC,1.0596,0.1247
10/27/22,MSNBC,1.5788,0.1707
10/28/22,MSNBC,0.4761,0.0828
10/29/22,MSNBC,0.2066,0
10/30/22,MSNBC,0.4617,0
10/31/22,MSNBC,0.4118,0
11/1/22,MSNBC,0.8825,0.021
11/2/22,MSNBC,1.4038,0.0206
11/3/22,MSNBC,0.9802,0.0209
11/4/22,MSNBC,0.6886,0.0626
11/5/22,MSNBC,0.6144,0.0192
11/6/22,MSNBC,0.2962,0.0212
11/7/22,MSNBC,0.5004,0.0834
11/8/22,MSNBC,0.4006,0.0211
11/9/22,MSNBC,0.3389,0.0199
11/10/22,MSNBC,0.4487,0.0641
11/11/22,MSNBC,0.9512,0.0845
11/12/22,MSNBC,0.6557,0.0615
11/13/22,MSNBC,0.2219,0.0403
11/14/22,MSNBC,1.1263,0.1949
11/15/22,MSNBC,2.5513,0.1245
11/16/22,MSNBC,5.6542,0.3878
11/17/22,MSNBC,2.1042,0.2083
11/18/22,MSNBC,1.2145,0.1853
11/19/22,MSNBC,0.68,0.0567
11/20/22,MSNBC,0.2042,0.0204
11/21/22,MSNBC,0.6013,0
11/22/22,MSNBC,0.7959,0.0215
11/23/22,MSNBC,1.288,0
11/24/22,MSNBC,1.1654,0.0914
11/25/22,MSNBC,0.7856,0
11/26/22,MSNBC,0.738,0.0217
11/27/22,MSNBC,1.143,0.0208
11/28/22,MSNBC,1.5661,0.0626
11/29/22,MSNBC,1.375,0.0833
11/30/22,MSNBC,0.5523,0
12/1/22,MSNBC,2.7231,0.2514
12/2/22,MSNBC,1.233,0.3344
12/3/22,MSNBC,0.4199,0.063
12/4/22,MSNBC,0.5354,0.0412
12/5/22,MSNBC,0.9798,0
12/6/22,MSNBC,1.1236,0.0212
12/7/22,MSNBC,1.0629,0.0208
12/8/22,MSNBC,1.3598,0
12/9/22,MSNBC,1.7177,0.0828
12/10/22,MSNBC,0.7816,0
12/11/22,MSNBC,0.4141,0
12/12/22,MSNBC,1.1012,0.2078
12/13/22,MSNBC,0.6431,0.0429
12/14/22,MSNBC,1.4458,0.0216
12/15/22,MSNBC,3.2313,0.214
12/16/22,MSNBC,1.9334,0.1074
12/17/22,MSNBC,2.0325,0.0642
12/18/22,MSNBC,0.125,0.0208
12/19/22,MSNBC,0.8588,0
12/20/22,MSNBC,0.2625,0
12/21/22,MSNBC,6.8401,0.6504
12/22/22,MSNBC,9.0985,0.9412
12/23/22,MSNBC,1.0283,0.2099
12/24/22,MSNBC,1.1001,0.066
12/25/22,MSNBC,1.6965,0.1605
12/26/22,MSNBC,2.8651,0.0693
12/27/22,MSNBC,2.9285,0.1589
12/28/22,MSNBC,2.488,0.0913
12/29/22,MSNBC,1.6338,0.0224
12/30/22,MSNBC,2.1277,0.0896
12/31/22,MSNBC,1.9806,0.0675
1/1/23,MSNBC,2.9506,0.0915
1/2/23,MSNBC,1.3837,0.0879
1/3/23,MSNBC,0.4727,0
1/4/23,MSNBC,0.1687,0.0211
1/5/23,MSNBC,0.6822,0.0853
1/6/23,MSNBC,0.3522,0
1/7/23,MSNBC,0.6424,0.0214
1/8/23,MSNBC,0.9076,0.0211
1/9/23,MSNBC,0.7107,0.0627
1/10/23,MSNBC,0.5188,0
1/11/23,MSNBC,0.3814,0.0212
1/12/23,MSNBC,0.77,0
1/13/23,MSNBC,1.1045,0.1699
1/14/23,MSNBC,0.954,0.1866
1/15/23,MSNBC,0.5778,0.0206
1/16/23,MSNBC,1.6311,0.0627
1/17/23,MSNBC,3.1658,0.2567
1/18/23,MSNBC,2.4817,0.0216
1/19/23,MSNBC,1.6878,0.3376
1/20/23,MSNBC,1.5625,0.1645
1/21/23,MSNBC,1.5443,0
1/22/23,MSNBC,0.2239,0
1/23/23,MSNBC,1.2264,0
1/24/23,MSNBC,1.0144,0.1268
1/25/23,MSNBC,3.4416,0.5344
1/26/23,MSNBC,5.1078,0.625
1/27/23,MSNBC,1.3845,0.2517
1/28/23,MSNBC,0.4934,0
1/29/23,MSNBC,1.2129,0
1/30/23,MSNBC,0.7744,0.0837
1/31/23,MSNBC,0.5855,0.0836
2/1/23,MSNBC,0.4386,0.0418
2/2/23,MSNBC,0.4821,0.021
2/3/23,MSNBC,1.6984,0.0818
2/4/23,MSNBC,0.7407,0.0635
2/5/23,MSNBC,0.8125,0.0641
2/6/23,MSNBC,1.27,0.1041
2/7/23,MSNBC,0.9814,0.1707
2/8/23,MSNBC,1.6333,0.1429
2/9/23,MSNBC,1.4654,0.0826
2/10/23,MSNBC,1.4335,0.0819
2/11/23,MSNBC,0.9145,0.1276
2/12/23,MSNBC,0.348,0.0205
2/13/23,MSNBC,1.3941,0.104
2/14/23,MSNBC,1.5577,0.041
2/15/23,MSNBC,1.7454,0.1027
2/16/23,MSNBC,1.0408,0.0416
2/17/23,MSNBC,2.1224,0.2473
2/18/23,MSNBC,5.9165,0.3944
2/19/23,MSNBC,5.2454,0.5688
2/20/23,MSNBC,9.7746,2.233
2/21/23,MSNBC,13.6791,4.0159
2/22/23,MSNBC,8.1403,1.8491
2/23/23,MSNBC,5.2532,0.7325
2/24/23,MSNBC,7.5026,0.815
2/25/23,MSNBC,9.2819,0.7717
2/26/23,MSNBC,5.973,0.3588
2/27/23,MSNBC,4.432,0.5618
2/28/23,MSNBC,2.1218,0.2758
3/1/23,MSNBC,1.5504,0.2095
3/2/23,MSNBC,0.7497,0.1249
3/3/23,MSNBC,1.1989,0.1499
3/4/23,MSNBC,1.2177,0.174
3/5/23,MSNBC,0.3367,0
3/6/23,MSNBC,1.3725,0.1478
3/7/23,MSNBC,1.7493,0.1666
3/8/23,MSNBC,1.3831,0
3/9/23,MSNBC,2.1503,0.0835
3/10/23,MSNBC,1.9219,0.0827
3/11/23,MSNBC,1.5497,0.1047
3/12/23,MSNBC,0.7656,0.1862
3/13/23,MSNBC,2.0982,0.1888
3/14/23,MSNBC,2.5135,0.3324
3/15/23,MSNBC,5.5382,0.1874
3/16/23,MSNBC,1.4517,0.0421
3/17/23,MSNBC,2.8189,0.1235
3/18/23,MSNBC,1.7776,0
3/19/23,MSNBC,1.2765,0.0618
3/20/23,MSNBC,2.6202,0.0206
3/21/23,MSNBC,1.4022,0.0223
3/22/23,MSNBC,1.0461,0.0238
3/23/23,MSNBC,1.7611,0
3/24/23,MSNBC,1.1282,0.1302
3/25/23,MSNBC,0.5196,0.0208
3/26/23,MSNBC,0.8078,0
3/27/23,MSNBC,0.6931,0.0533
3/28/23,MSNBC,0.3741,0
3/29/23,MSNBC,0.2951,0.0227
3/30/23,MSNBC,1.485,0.0685
3/31/23,MSNBC,0.1236,0
4/1/23,MSNBC,0.0633,0
4/2/23,MSNBC,0.3151,0.042
4/3/23,MSNBC,0.4137,0.0207
4/4/23,MSNBC,0.3028,0
4/5/23,MSNBC,0.2036,0
4/6/23,MSNBC,0.5491,0.0407
4/7/23,MSNBC,0.5783,0.062
4/8/23,MSNBC,0.2512,0
4/9/23,MSNBC,0.7832,0
4/10/23,MSNBC,1.1319,0.0412
4/11/23,MSNBC,1.0884,0.0227
4/12/23,MSNBC,0.8576,0
4/13/23,MSNBC,1.1433,0
4/14/23,MSNBC,1.5742,0.0414
4/15/23,MSNBC,0.3957,0.0208
4/16/23,MSNBC,0.4147,0
4/17/23,MSNBC,0.4621,0.063
4/18/23,MSNBC,1.1587,0
4/19/23,MSNBC,0.0624,0
4/20/23,MSNBC,0.9779,0
4/21/23,MSNBC,0.702,0.0206
4/22/23,MSNBC,0.3178,0
4/23/23,MSNBC,0.4613,0.021
4/24/23,MSNBC,0.6028,0.0416
4/25/23,MSNBC,0.9093,0.1269
4/26/23,MSNBC,1.8102,0.1457
4/27/23,MSNBC,0.5057,0
4/28/23,MSNBC,1.2455,0.0226
4/29/23,MSNBC,1.1289,0.0426
4/30/23,MSNBC,0.5832,0
5/1/23,MSNBC,1.122,0.0208
5/2/23,MSNBC,1.3992,0
5/3/23,MSNBC,1.713,0.0202
5/4/23,MSNBC,2.1868,0.0409
5/5/23,MSNBC,1.3432,0.0401
5/6/23,MSNBC,0.4339,0.062
5/7/23,MSNBC,0.0802,0
5/8/23,MSNBC,0.1638,0.0205
5/9/23,MSNBC,0.786,0
5/10/23,MSNBC,0.3433,0
5/11/23,MSNBC,1.2163,0.0203
5/12/23,MSNBC,0.5348,0
5/13/23,MSNBC,0.9304,0.0405
5/14/23,MSNBC,0.3633,0
5/15/23,MSNBC,1.6718,0.0204
5/16/23,MSNBC,0.9375,0.0417
5/17/23,MSNBC,0.6085,0.021
5/18/23,MSNBC,0.8572,0.1464
5/19/23,MSNBC,1.7012,0.246
5/20/23,MSNBC,2.9951,0.4279
5/21/23,MSNBC,2.4197,0.549
5/22/23,MSNBC,2.2755,0.1448
5/23/23,MSNBC,0.1051,0
5/24/23,MSNBC,1.0076,0
5/25/23,MSNBC,0.5495,0.0211
5/26/23,MSNBC,0.5383,0
5/27/23,MSNBC,0.7255,0.0207
5/28/23,MSNBC,0.5314,0
5/29/23,MSNBC,1.6156,0.2937
5/30/23,MSNBC,1.4606,0
5/31/23,MSNBC,0.5258,0
6/1/23,MSNBC,0.527,0.0211
6/2/23,MSNBC,1.596,0.063
6/3/23,MSNBC,0.34,0
6/4/23,MSNBC,0.5853,0
6/5/23,MSNBC,1.258,0.0619
6/6/23,MSNBC,2.4119,0
6/7/23,MSNBC,0.993,0.1034
6/8/23,MSNBC,1.631,0.1223
6/9/23,MSNBC,0.4931,0.0592
6/10/23,MSNBC,0.1434,0.0205
6/11/23,MSNBC,0.2482,0
6/12/23,MSNBC,0.3155,0.021
6/13/23,MSNBC,0.1214,0
6/14/23,MSNBC,0.569,0.0421
6/15/23,MSNBC,1.1276,0.0626
6/16/23,MSNBC,0.9001,0
6/17/23,MSNBC,1.0946,0.062
6/18/23,MSNBC,0.245,0.0204
6/19/23,MSNBC,0.9725,0.1241
6/20/23,MSNBC,0.9205,0
6/21/23,MSNBC,0.4006,0.1687
6/22/23,MSNBC,0.7174,0.0615
6/23/23,MSNBC,1.3303,0.1247
6/24/23,MSNBC,9.4955,0.0615
6/25/23,MSNBC,14.3035,0.7245
6/26/23,MSNBC,10.4637,0.4595
6/27/23,MSNBC,4.4171,0.1699
6/28/23,MSNBC,1.9136,0.043
6/29/23,MSNBC,2.0679,0.1055
6/30/23,MSNBC,0.4008,0.0633
7/1/23,MSNBC,1.0327,0
7/2/23,MSNBC,0.425,0.0637
7/3/23,MSNBC,1.6061,0.2454
7/4/23,MSNBC,0.4125,0
7/5/23,MSNBC,1.1158,0.0893
7/6/23,MSNBC,1.6304,0.0453
7/7/23,MSNBC,2.7728,0.3327
7/8/23,MSNBC,3.4445,0.4168
7/9/23,MSNBC,3.6671,0.6807
7/10/23,MSNBC,4.9559,1.1013
7/11/23,MSNBC,5.1904,0.8722
7/12/23,MSNBC,6.1329,0.937
7/13/23,MSNBC,4.632,1.0606
7/14/23,MSNBC,1.3995,0.3181
7/15/23,MSNBC,0.8416,0.0842
7/16/23,MSNBC,0.748,0.0855
7/17/23,MSNBC,3.1681,0.2371
7/18/23,MSNBC,0.8284,0.0425
7/19/23,MSNBC,0.5826,0.0647
7/20/23,MSNBC,0.3,0
7/21/23,MSNBC,1.1735,0.0213
7/22/23,MSNBC,0.3044,0.1522
7/23/23,MSNBC,0.085,0.0425
7/24/23,MSNBC,0.5737,0
7/25/23,MSNBC,0.9846,0.0428
7/26/23,MSNBC,0.8963,0.0854
7/27/23,MSNBC,0.7752,0.0861
7/28/23,MSNBC,0.37,0.0435
7/29/23,MSNBC,0.9395,0.0874
7/30/23,MSNBC,0.1483,0.0636
7/31/23,MSNBC,1.4373,0.392
8/1/23,MSNBC,1.2632,0.1053
8/2/23,MSNBC,0.0204,0.0204
8/3/23,MSNBC,0.0408,0
8/4/23,MSNBC,0.2469,0
8/5/23,MSNBC,0.2843,0
8/6/23,MSNBC,0.0826,0
8/7/23,MSNBC,0.9438,0.0629
8/8/23,MSNBC,1.4196,0.1253
8/9/23,MSNBC,0.3155,0
8/10/23,MSNBC,0.168,0
8/11/23,MSNBC,0.3473,0.143
8/12/23,MSNBC,0.315,0.042
8/13/23,MSNBC,0,0
8/14/23,MSNBC,0.0624,0
8/15/23,MSNBC,0.195,0
8/16/23,MSNBC,0.0415,0.0208
8/17/23,MSNBC,0.145,0.0207
8/18/23,MSNBC,0.7992,0.1025
8/19/23,MSNBC,0.2695,0.1036
8/20/23,MSNBC,0.2026,0
8/21/23,MSNBC,0.3936,0.0207
8/22/23,MSNBC,0.4856,0.0633
8/23/23,MSNBC,1.667,0.0208
8/24/23,MSNBC,1.8526,0.0412
8/25/23,MSNBC,0.1977,0
8/26/23,MSNBC,0.5786,0.0827
8/27/23,MSNBC,0.0822,0
8/28/23,MSNBC,0.8872,0.0634
8/29/23,MSNBC,0.8051,0.0206
8/30/23,MSNBC,0.0616,0
8/31/23,MSNBC,0.3365,0.021
9/1/23,MSNBC,0.8956,0.1875
9/2/23,MSNBC,0.8321,0
9/3/23,MSNBC,0.3298,0
9/4/23,MSNBC,0.4838,0.021
9/5/23,MSNBC,1.6397,0.302
9/6/23,MSNBC,0.9446,0.1643
9/7/23,MSNBC,1.6319,0.1653
9/8/23,MSNBC,0.6492,0.1217
9/9/23,MSNBC,0.5403,0.1801
9/10/23,MSNBC,0.32,0.02
9/11/23,MSNBC,1.2467,0.1431
9/12/23,MSNBC,3.0025,0.2247
9/13/23,MSNBC,0.8745,0.183
9/14/23,MSNBC,1.1038,0.1405
9/15/23,MSNBC,0.2614,0
9/16/23,MSNBC,0.3014,0.0402
9/17/23,MSNBC,0.6788,0.1198
9/18/23,MSNBC,2.1115,0.164
9/19/23,MSNBC,5.3686,0.8259
9/20/23,MSNBC,3.5528,0.542
9/21/23,MSNBC,4.8242,0.2657
9/22/23,MSNBC,1.9873,0.1844
9/23/23,MSNBC,2.22,0.2037
9/24/23,MSNBC,0.9411,0.1637
9/25/23,MSNBC,0.6059,0.0866
9/26/23,MSNBC,0.9929,0.0648
9/27/23,MSNBC,0.4766,0.1083
9/28/23,MSNBC,0.5587,0.0215
9/29/23,MSNBC,0.5713,0
9/30/23,MSNBC,3.5088,0.0642
10/1/23,MSNBC,5.2185,0.3044
10/2/23,MSNBC,2.9876,0.2905
10/3/23,MSNBC,1.0952,0.2949
10/4/23,MSNBC,2.4926,0.2112
10/5/23,MSNBC,2.3942,0.2565
10/6/23,MSNBC,1.3751,0.0212
10/7/23,MSNBC,0.6588,0
10/8/23,MSNBC,0.7033,0.0426
10/9/23,MSNBC,0.6855,0.0623
10/10/23,MSNBC,1.6973,0.0204
10/11/23,MSNBC,1.4979,0.0633
10/12/23,MSNBC,0.9891,0.0618
10/13/23,MSNBC,1.1081,0.041
10/14/23,MSNBC,0.9101,0
10/15/23,MSNBC,0.6573,0
10/16/23,MSNBC,0.9791,0.149
10/17/23,MSNBC,1.3699,0.1054
10/18/23,MSNBC,2.0668,0.167
10/19/23,MSNBC,2.7772,0.5512
10/20/23,MSNBC,4.9647,0.6458
10/21/23,MSNBC,1.3575,0.3232
10/22/23,MSNBC,1.4453,0.2338
10/23/23,MSNBC,1.1364,0.1218
10/24/23,MSNBC,1.4049,0.0839
10/25/23,MSNBC,1.3592,0.156
10/26/23,MSNBC,0.4604,0.0192
10/27/23,MSNBC,0.3067,0.0204
10/28/23,MSNBC,0.532,0.0205
10/29/23,MSNBC,1.1039,0.0208
10/30/23,MSNBC,0.9945,0.1693
10/31/23,MSNBC,2.5636,0.4093
11/1/23,MSNBC,2.624,0.2066
11/2/23,MSNBC,1.2888,0.0423
11/3/23,MSNBC,1.8604,0.1045
11/4/23,MSNBC,1.3285,0.0857
11/5/23,MSNBC,0.7992,0
11/6/23,MSNBC,0.9842,0.041
11/7/23,MSNBC,0.3471,0.0217
11/8/23,MSNBC,0.263,0.0438
11/9/23,MSNBC,0.5697,0.0203
11/10/23,MSNBC,0.6827,0.0621
11/11/23,MSNBC,0.4877,0.0212
11/12/23,MSNBC,0.5762,0.128
11/13/23,MSNBC,0.6202,0.0428
11/14/23,MSNBC,0.3209,0
11/15/23,MSNBC,1.1057,0.1276
11/16/23,MSNBC,1.411,0.1431
11/17/23,MSNBC,0.6566,0.0424
11/18/23,MSNBC,0.7976,0.1509
11/19/23,MSNBC,0.1926,0.0214
11/20/23,MSNBC,0.6747,0.0633
11/21/23,MSNBC,0.8645,0.0648
11/22/23,MSNBC,0.445,0.0212
11/23/23,MSNBC,0.596,0.0442
11/24/23,MSNBC,0.1962,0
11/25/23,MSNBC,0.1093,0
11/26/23,MSNBC,0.8202,0.1108
11/27/23,MSNBC,0.9289,0.108
11/28/23,MSNBC,0.8284,0.109
11/29/23,MSNBC,0.9253,0.0646
11/30/23,MSNBC,0.5469,0
12/1/23,MSNBC,0.5214,0.0417
12/2/23,MSNBC,0.4627,0
12/3/23,MSNBC,0.2224,0.0222
12/4/23,MSNBC,1.0672,0.1046
12/5/23,MSNBC,2.0619,0.3222
12/6/23,MSNBC,2.8529,0.2098
12/7/23,MSNBC,2.1018,0.1517
12/8/23,MSNBC,2.1549,0.256
12/9/23,MSNBC,1.2962,0.0864
12/10/23,MSNBC,1.4249,0.1511
12/11/23,MSNBC,2.1327,0.1939
12/12/23,MSNBC,6.2144,0.6565
12/13/23,MSNBC,4.9936,0.8144
12/14/23,MSNBC,3.5103,0.3684
12/15/23,MSNBC,2.7292,0.3838
12/16/23,MSNBC,2.8039,0.3943
12/17/23,MSNBC,1.5673,0.287
12/18/23,MSNBC,1.2683,0.1093
12/19/23,MSNBC,1.5839,0.0651
12/20/23,MSNBC,1.8638,0.1714
12/21/23,MSNBC,1.4621,0.129
12/22/23,MSNBC,1.0994,0.066
12/23/23,MSNBC,1.2432,0.0904
12/24/23,MSNBC,0.714,0
12/25/23,MSNBC,0.5825,0.1864
12/26/23,MSNBC,1.4932,0.2527
12/27/23,MSNBC,1.26,0.2062
12/28/23,MSNBC,1.3929,0.3595
12/29/23,MSNBC,0.7123,0.0919
12/30/23,MSNBC,1.5618,0.1399
12/31/23,MSNBC,1.0748,0.0224
1/1/24,MSNBC,0.3194,0.0684
1/2/24,MSNBC,1.6191,0.3148
1/3/24,MSNBC,1.2955,0.067
1/4/24,MSNBC,0.5619,0.0216
1/5/24,MSNBC,1.8718,0.4088
1/6/24,MSNBC,0.3706,0
1/6/22,FOXNEWS,0.0709,0
1/7/22,FOXNEWS,0.0473,0
1/8/22,FOXNEWS,0.0488,0
1/9/22,FOXNEWS,0.4133,0.0243
1/10/22,FOXNEWS,1.5677,0.1188
1/11/22,FOXNEWS,0.6065,0.1633
1/12/22,FOXNEWS,0.0945,0
1/13/22,FOXNEWS,0.296,0.0455
1/14/22,FOXNEWS,1.4029,0.2104
1/15/22,FOXNEWS,0.7798,0.1181
1/16/22,FOXNEWS,0.2336,0.0234
1/17/22,FOXNEWS,0.6357,0.1648
1/18/22,FOXNEWS,0.6878,0.0229
1/19/22,FOXNEWS,2.3724,0.3805
1/20/22,FOXNEWS,3.6766,0.9363
1/21/22,FOXNEWS,6.3855,1.3581
1/22/22,FOXNEWS,4.9294,1.0877
1/23/22,FOXNEWS,7.0648,1.3838
1/24/22,FOXNEWS,8.8034,1.2745
1/25/22,FOXNEWS,7.8923,1.1633
1/26/22,FOXNEWS,4.6027,0.8473
1/27/22,FOXNEWS,3.6175,0.2939
1/28/22,FOXNEWS,3.5475,0.4909
1/29/22,FOXNEWS,4.3762,0.8462
1/30/22,FOXNEWS,6.1264,0.8442
1/31/22,FOXNEWS,5.2126,0.4324
2/1/22,FOXNEWS,2.5547,0.4143
2/2/22,FOXNEWS,2.603,0.2943
2/3/22,FOXNEWS,2.7619,0.4565
2/4/22,FOXNEWS,1.411,0.091
2/5/22,FOXNEWS,3.1083,0.3016
2/6/22,FOXNEWS,3.4833,0.2903
2/7/22,FOXNEWS,5.8604,0.7938
2/8/22,FOXNEWS,2.5705,0.455
2/9/22,FOXNEWS,1.7796,0.3194
2/10/22,FOXNEWS,1.2264,0.2498
2/11/22,FOXNEWS,5.0146,0.6044
2/12/22,FOXNEWS,6.8187,1.2618
2/13/22,FOXNEWS,4.8889,1.0058
2/14/22,FOXNEWS,6.456,0.6998
2/15/22,FOXNEWS,5.8877,0.6114
2/16/22,FOXNEWS,5.1131,0.8371
2/17/22,FOXNEWS,3.9251,0.5414
2/18/22,FOXNEWS,6.0206,1.0072
2/19/22,FOXNEWS,6.7451,1.0186
2/20/22,FOXNEWS,6.8116,1.0628
2/21/22,FOXNEWS,10.2528,1.3577
2/22/22,FOXNEWS,11.9272,1.4825
2/23/22,FOXNEWS,10.9949,1.9586
2/24/22,FOXNEWS,22.2623,1.4414
2/25/22,FOXNEWS,19.5608,1.3342
2/26/22,FOXNEWS,21.4104,1.0833
2/27/22,FOXNEWS,17.9976,1.1779
2/28/22,FOXNEWS,18.2883,0.5738
3/1/22,FOXNEWS,17.9674,1.4109
3/2/22,FOXNEWS,15.6164,1.4752
3/3/22,FOXNEWS,16.4732,0.9419
3/4/22,FOXNEWS,18.9158,0.8692
3/5/22,FOXNEWS,17.7559,0.6559
3/6/22,FOXNEWS,20.2622,0.7628
3/7/22,FOXNEWS,16.3112,0.5859
3/8/22,FOXNEWS,16.813,0.9438
3/9/22,FOXNEWS,15.5093,1.0732
3/10/22,FOXNEWS,16.9227,0.7896
3/11/22,FOXNEWS,15.3863,1.1955
3/12/22,FOXNEWS,15.2089,1.1309
3/13/22,FOXNEWS,14.8387,0.8525
3/14/22,FOXNEWS,13.3213,0.8382
3/15/22,FOXNEWS,17.0886,1.5495
3/16/22,FOXNEWS,15.011,1.9205
3/17/22,FOXNEWS,13.4215,1.4744
3/18/22,FOXNEWS,12.4063,1.234
3/19/22,FOXNEWS,12.9858,0.5944
3/20/22,FOXNEWS,14.5945,1.2317
3/21/22,FOXNEWS,11.4202,0.9423
3/22/22,FOXNEWS,7.583,0.5849
3/23/22,FOXNEWS,7.9021,1.0307
3/24/22,FOXNEWS,12.635,1.8575
3/25/22,FOXNEWS,10.532,1.7734
3/26/22,FOXNEWS,13.9369,2.1392
3/27/22,FOXNEWS,12.0123,1.3951
3/28/22,FOXNEWS,11.4785,0.7916
3/29/22,FOXNEWS,7.8763,1.0607
3/30/22,FOXNEWS,8.6184,0.7425
3/31/22,FOXNEWS,7.4058,0.8476
4/1/22,FOXNEWS,6.7448,0.3981
4/2/22,FOXNEWS,11.5801,0.5276
4/3/22,FOXNEWS,8.5849,0.6368
4/4/22,FOXNEWS,8.833,0.8924
4/5/22,FOXNEWS,6.6284,0.8396
4/6/22,FOXNEWS,7.0083,0.5694
4/7/22,FOXNEWS,4.6704,0.7857
4/8/22,FOXNEWS,4.9747,0.3522
4/9/22,FOXNEWS,7.7504,0.4219
4/10/22,FOXNEWS,6.8639,0.6933
4/11/22,FOXNEWS,5.2122,0.5074
4/12/22,FOXNEWS,3.1403,0.4456
4/13/22,FOXNEWS,3.0202,0.5996
4/14/22,FOXNEWS,4.2068,0.5478
4/15/22,FOXNEWS,4.4061,0.6132
4/16/22,FOXNEWS,4.7385,0.4023
4/17/22,FOXNEWS,5.1503,0.345
4/18/22,FOXNEWS,4.741,0.5088
4/19/22,FOXNEWS,3.0255,0.2935
4/20/22,FOXNEWS,2.8597,0.264
4/21/22,FOXNEWS,4.2073,0.62
4/22/22,FOXNEWS,4.0471,0.5782
4/23/22,FOXNEWS,3.3666,0.1772
4/24/22,FOXNEWS,3.6186,0.6031
4/25/22,FOXNEWS,7.3838,0.6369
4/26/22,FOXNEWS,4.0337,0.2438
4/27/22,FOXNEWS,2.6734,0.3314
4/28/22,FOXNEWS,4.0426,0.2665
4/29/22,FOXNEWS,3.7045,0.3162
4/30/22,FOXNEWS,2.3895,0.1127
5/1/22,FOXNEWS,3.8187,0.4243
5/2/22,FOXNEWS,3.2182,0.3289
5/3/22,FOXNEWS,2.981,0.3383
5/4/22,FOXNEWS,1.3193,0.088
5/5/22,FOXNEWS,1.7728,0.0875
5/6/22,FOXNEWS,1.6923,0.2198
5/7/22,FOXNEWS,1.8692,0.114
5/8/22,FOXNEWS,3.4563,0.6263
5/9/22,FOXNEWS,5.0577,0.1848
5/10/22,FOXNEWS,2.9821,0.2651
5/11/22,FOXNEWS,2.7771,0.28
5/12/22,FOXNEWS,3.3267,0.1331
5/13/22,FOXNEWS,2.4283,0.1987
5/14/22,FOXNEWS,1.9375,0.0881
5/15/22,FOXNEWS,2.1958,0.2516
5/16/22,FOXNEWS,1.6816,0.1382
5/17/22,FOXNEWS,0.9464,0.0225
5/18/22,FOXNEWS,1.405,0.022
5/19/22,FOXNEWS,1.996,0.157
5/20/22,FOXNEWS,2.2661,0.4386
5/21/22,FOXNEWS,1.823,0.2636
5/22/22,FOXNEWS,1.9275,0.1858
5/23/22,FOXNEWS,2.8833,0.4219
5/24/22,FOXNEWS,1.4072,0.2814
5/25/22,FOXNEWS,0.7641,0.0207
5/26/22,FOXNEWS,0.7066,0.0221
5/27/22,FOXNEWS,0.7697,0.1539
5/28/22,FOXNEWS,0.9132,0.0457
5/29/22,FOXNEWS,1.5129,0.1464
5/30/22,FOXNEWS,2.5519,0.4054
5/31/22,FOXNEWS,2.455,0.4442
6/1/22,FOXNEWS,1.1014,0.3821
6/2/22,FOXNEWS,1.0031,0.1526
6/3/22,FOXNEWS,1.5968,0.1109
6/4/22,FOXNEWS,2.2502,0.225
6/5/22,FOXNEWS,1.3948,0.0709
6/6/22,FOXNEWS,1.7278,0.213
6/7/22,FOXNEWS,0.8114,0.0225
6/8/22,FOXNEWS,0.421,0.0665
6/9/22,FOXNEWS,1.0593,0.1352
6/10/22,FOXNEWS,0.5639,0.0217
6/11/22,FOXNEWS,1.7378,0.2257
6/12/22,FOXNEWS,1.6859,0.1686
6/13/22,FOXNEWS,0.49,0.0233
6/14/22,FOXNEWS,1.0598,0.0221
6/15/22,FOXNEWS,1.2726,0.2902
6/16/22,FOXNEWS,1.196,0.1107
6/17/22,FOXNEWS,2.0408,0.2494
6/18/22,FOXNEWS,1.3848,0.1816
6/19/22,FOXNEWS,2.5902,0.3631
6/20/22,FOXNEWS,1.4031,0.1665
6/21/22,FOXNEWS,0.5559,0.0445
6/22/22,FOXNEWS,1.927,0.272
6/23/22,FOXNEWS,2.1484,0.6423
6/24/22,FOXNEWS,0.2807,0.0432
6/25/22,FOXNEWS,1.6226,0.1778
6/26/22,FOXNEWS,2.1123,0.3841
6/27/22,FOXNEWS,1.6647,0.193
6/28/22,FOXNEWS,0.9179,0.2065
6/29/22,FOXNEWS,1.0288,0.2743
6/30/22,FOXNEWS,2.1604,0.245
7/1/22,FOXNEWS,1.5923,0.2654
7/2/22,FOXNEWS,1.8497,0.185
7/3/22,FOXNEWS,1.1098,0.2413
7/4/22,FOXNEWS,0.999,0.0476
7/5/22,FOXNEWS,0.7387,0.0739
7/6/22,FOXNEWS,0.7761,0.2739
7/7/22,FOXNEWS,1.6938,0.2258
7/8/22,FOXNEWS,1.1177,0.0228
7/9/22,FOXNEWS,1.2901,0
7/10/22,FOXNEWS,1.443,0.1924
7/11/22,FOXNEWS,1.3036,0.1896
7/12/22,FOXNEWS,0.7022,0.1359
7/13/22,FOXNEWS,0.5363,0.1577
7/14/22,FOXNEWS,2.0753,0.5188
7/15/22,FOXNEWS,0.6146,0.1593
7/16/22,FOXNEWS,1.1759,0.1153
7/17/22,FOXNEWS,1.3167,0.1436
7/18/22,FOXNEWS,1.0656,0.3552
7/19/22,FOXNEWS,1.5956,0.2963
7/20/22,FOXNEWS,1.0305,0.0458
7/21/22,FOXNEWS,0.4612,0.0439
7/22/22,FOXNEWS,0.5508,0.1377
7/23/22,FOXNEWS,2.5287,0.2576
7/24/22,FOXNEWS,1.772,0.2634
7/25/22,FOXNEWS,1.5584,0.2877
7/26/22,FOXNEWS,0.8897,0.0222
7/27/22,FOXNEWS,1.0664,0.2444
7/28/22,FOXNEWS,0.9945,0.1989
7/29/22,FOXNEWS,1.3742,0.2027
7/30/22,FOXNEWS,0.6322,0.0903
7/31/22,FOXNEWS,1.0834,0.0471
8/1/22,FOXNEWS,0.7522,0.047
8/2/22,FOXNEWS,0.9989,0.1998
8/3/22,FOXNEWS,1.2287,0.1138
8/4/22,FOXNEWS,1.2491,0.0943
8/5/22,FOXNEWS,0.8078,0.1616
8/6/22,FOXNEWS,1.0302,0.1198
8/7/22,FOXNEWS,0.8679,0.1688
8/8/22,FOXNEWS,0.9482,0.1156
8/9/22,FOXNEWS,0.3572,0.1051
8/10/22,FOXNEWS,0.404,0.0475
8/11/22,FOXNEWS,0.3882,0.0863
8/12/22,FOXNEWS,0.8383,0.1324
8/13/22,FOXNEWS,0.6603,0.0911
8/14/22,FOXNEWS,0.2412,0.0482
8/15/22,FOXNEWS,0.5899,0.0708
8/16/22,FOXNEWS,0.4754,0.2038
8/17/22,FOXNEWS,0.2022,0.0449
8/18/22,FOXNEWS,0.3809,0.0448
8/19/22,FOXNEWS,0.932,0.0227
8/20/22,FOXNEWS,1.3989,0.0903
8/21/22,FOXNEWS,1.7094,0.3561
8/22/22,FOXNEWS,0.9478,0
8/23/22,FOXNEWS,0.7555,0.0916
8/24/22,FOXNEWS,1.2076,0.2051
8/25/22,FOXNEWS,0.5896,0.1134
8/26/22,FOXNEWS,0.3727,0.0439
8/27/22,FOXNEWS,1.1369,0.1364
8/28/22,FOXNEWS,1.025,0.0954
8/29/22,FOXNEWS,1.2626,0.1637
8/30/22,FOXNEWS,1.0398,0.2486
8/31/22,FOXNEWS,0.8562,0.0225
9/1/22,FOXNEWS,0.4744,0.0226
9/2/22,FOXNEWS,0.2255,0.0451
9/3/22,FOXNEWS,0.782,0.023
9/4/22,FOXNEWS,0.6675,0.0238
9/5/22,FOXNEWS,0.8212,0.0235
9/6/22,FOXNEWS,0.717,0.112
9/7/22,FOXNEWS,1.0148,0.2306
9/8/22,FOXNEWS,0.13,0
9/9/22,FOXNEWS,0.4965,0.0709
9/10/22,FOXNEWS,0.9971,0.1329
9/11/22,FOXNEWS,0.5082,0
9/12/22,FOXNEWS,0.6031,0
9/13/22,FOXNEWS,0.6583,0.0637
9/14/22,FOXNEWS,1.1476,0.0675
9/15/22,FOXNEWS,0.9101,0.0666
9/16/22,FOXNEWS,0.4443,0.0222
9/17/22,FOXNEWS,0.6918,0.0223
9/18/22,FOXNEWS,1.4929,0.0233
9/19/22,FOXNEWS,0.2816,0
9/20/22,FOXNEWS,0.7495,0.0908
9/21/22,FOXNEWS,3.5706,0.6171
9/22/22,FOXNEWS,1.8864,0.3329
9/23/22,FOXNEWS,2.295,0.1783
9/24/22,FOXNEWS,2.2064,0.2229
9/25/22,FOXNEWS,1.2806,0.1143
9/26/22,FOXNEWS,1.2146,0
9/27/22,FOXNEWS,0.6194,0.0229
9/28/22,FOXNEWS,0.6288,0.0217
9/29/22,FOXNEWS,0.3504,0.0657
9/30/22,FOXNEWS,1.2633,0.196
10/1/22,FOXNEWS,2.1043,0.2516
10/2/22,FOXNEWS,2.1997,0.2224
10/3/22,FOXNEWS,1.6805,0.0947
10/4/22,FOXNEWS,2.1699,0.0923
10/5/22,FOXNEWS,0.7343,0.1147
10/6/22,FOXNEWS,0.5567,0.0928
10/7/22,FOXNEWS,1.5707,0.5919
10/8/22,FOXNEWS,2.3914,0.5748
10/9/22,FOXNEWS,1.7027,0.3892
10/10/22,FOXNEWS,3.6086,0.4626
10/11/22,FOXNEWS,3.8673,0.5492
10/12/22,FOXNEWS,1.2554,0.2054
10/13/22,FOXNEWS,0.7008,0.0438
10/14/22,FOXNEWS,1.2321,0.1568
10/15/22,FOXNEWS,1.6319,0.0907
10/16/22,FOXNEWS,1.6901,0.2113
10/17/22,FOXNEWS,1.6137,0.0935
10/18/22,FOXNEWS,0.4784,0.205
10/19/22,FOXNEWS,1.8603,0.2269
10/20/22,FOXNEWS,0.9709,0.158
10/21/22,FOXNEWS,1.171,0.0221
10/22/22,FOXNEWS,1.4965,0.067
10/23/22,FOXNEWS,1.0324,0
10/24/22,FOXNEWS,1.0688,0.0697
10/25/22,FOXNEWS,1.4002,0.1807
10/26/22,FOXNEWS,0.2747,0.0687
10/27/22,FOXNEWS,1.3134,0.1359
10/28/22,FOXNEWS,0.5327,0.0444
10/29/22,FOXNEWS,0.5809,0.067
10/30/22,FOXNEWS,0.6413,0.0713
10/31/22,FOXNEWS,0.627,0.0929
11/1/22,FOXNEWS,0.3596,0.0674
11/2/22,FOXNEWS,0.4051,0.045
11/3/22,FOXNEWS,0.2724,0.0227
11/4/22,FOXNEWS,0.4746,0.0226
11/5/22,FOXNEWS,0.3113,0
11/6/22,FOXNEWS,0.0485,0
11/7/22,FOXNEWS,0.2773,0
11/8/22,FOXNEWS,0.1313,0
11/9/22,FOXNEWS,0.4053,0
11/10/22,FOXNEWS,0.5526,0.0461
11/11/22,FOXNEWS,0.8953,0.0918
11/12/22,FOXNEWS,0.8575,0.0463
11/13/22,FOXNEWS,0.6544,0.0485
11/14/22,FOXNEWS,1.6211,0.3629
11/15/22,FOXNEWS,2.9719,0.3403
11/16/22,FOXNEWS,4.1372,0.4425
11/17/22,FOXNEWS,2.5553,0.5248
11/18/22,FOXNEWS,0.6842,0.0912
11/19/22,FOXNEWS,0.8702,0.1145
11/20/22,FOXNEWS,1.1281,0.376
11/21/22,FOXNEWS,0.6976,0.1203
11/22/22,FOXNEWS,0.6139,0.1819
11/23/22,FOXNEWS,0.7353,0.046
11/24/22,FOXNEWS,1.0382,0.0944
11/25/22,FOXNEWS,1.1454,0.0935
11/26/22,FOXNEWS,1.7096,0.1824
11/27/22,FOXNEWS,1.2153,0.0992
11/28/22,FOXNEWS,1.0937,0.0713
11/29/22,FOXNEWS,0.7356,0.1839
11/30/22,FOXNEWS,0.5897,0.1814
12/1/22,FOXNEWS,2.0436,0.4087
12/2/22,FOXNEWS,0.8496,0.1148
12/3/22,FOXNEWS,1.0699,0.1821
12/4/22,FOXNEWS,0.7464,0.0722
12/5/22,FOXNEWS,0.7718,0.1688
12/6/22,FOXNEWS,1.0206,0.1392
12/7/22,FOXNEWS,0.8911,0.0223
12/8/22,FOXNEWS,1.8713,0.1141
12/9/22,FOXNEWS,1.1302,0.0226
12/10/22,FOXNEWS,0.7832,0.1343
12/11/22,FOXNEWS,0.882,0.1192
12/12/22,FOXNEWS,0.486,0.1215
12/13/22,FOXNEWS,0.4802,0.1143
12/14/22,FOXNEWS,1.2234,0.1133
12/15/22,FOXNEWS,1.0281,0.0685
12/16/22,FOXNEWS,1.8326,0.4072
12/17/22,FOXNEWS,0.8089,0.0437
12/18/22,FOXNEWS,0.455,0
12/19/22,FOXNEWS,0.6311,0.0935
12/20/22,FOXNEWS,1.3585,0.2763
12/21/22,FOXNEWS,6.0954,0.6298
12/22/22,FOXNEWS,4.5495,0.3153
12/23/22,FOXNEWS,1.61,0.0454
12/24/22,FOXNEWS,1.5513,0.1158
12/25/22,FOXNEWS,1.7121,0.0535
12/26/22,FOXNEWS,1.9954,0.0512
12/27/22,FOXNEWS,1.7064,0.0234
12/28/22,FOXNEWS,1.2133,0
12/29/22,FOXNEWS,1.3225,0.0928
12/30/22,FOXNEWS,0.7278,0.0227
12/31/22,FOXNEWS,1.3239,0.1141
1/1/23,FOXNEWS,1.2292,0
1/2/23,FOXNEWS,2.5508,0.2126
1/3/23,FOXNEWS,0.6383,0.0213
1/4/23,FOXNEWS,0.3027,0.1297
1/5/23,FOXNEWS,0.2654,0
1/6/23,FOXNEWS,0.4834,0.022
1/7/23,FOXNEWS,1.176,0.1307
1/8/23,FOXNEWS,0.8954,0
1/9/23,FOXNEWS,0.3977,0
1/10/23,FOXNEWS,0.7928,0.1101
1/11/23,FOXNEWS,1.8142,0.9292
1/12/23,FOXNEWS,1.2179,0.3205
1/13/23,FOXNEWS,1.2376,0.3536
1/14/23,FOXNEWS,1.1527,0.2438
1/15/23,FOXNEWS,0.9965,0.394
1/16/23,FOXNEWS,0.3451,0.092
1/17/23,FOXNEWS,1.3158,0.2899
1/18/23,FOXNEWS,1.114,0.1966
1/19/23,FOXNEWS,1.823,0.1757
1/20/23,FOXNEWS,0.9257,0.1322
1/21/23,FOXNEWS,1.0745,0.1343
1/22/23,FOXNEWS,1.6096,0.6438
1/23/23,FOXNEWS,0.7741,0.1366
1/24/23,FOXNEWS,1.6976,0.1564
1/25/23,FOXNEWS,3.8658,0.8887
1/26/23,FOXNEWS,2.7473,0.5495
1/27/23,FOXNEWS,1.0584,0.0662
1/28/23,FOXNEWS,1.689,0.0658
1/29/23,FOXNEWS,1.9381,0.3545
1/30/23,FOXNEWS,2.5463,0.5324
1/31/23,FOXNEWS,0.8239,0.0471
2/1/23,FOXNEWS,0.653,0.1741
2/2/23,FOXNEWS,1.4327,0.3527
2/3/23,FOXNEWS,1.1001,0.418
2/4/23,FOXNEWS,0.7543,0.0647
2/5/23,FOXNEWS,0.7361,0.069
2/6/23,FOXNEWS,0.5606,0.1168
2/7/23,FOXNEWS,0.2045,0.0227
2/8/23,FOXNEWS,1.0101,0.2364
2/9/23,FOXNEWS,0.7079,0.0913
2/10/23,FOXNEWS,0.9356,0.1337
2/11/23,FOXNEWS,0.7892,0.0225
2/12/23,FOXNEWS,0.6096,0.1407
2/13/23,FOXNEWS,0.5469,0.0228
2/14/23,FOXNEWS,0.3052,0.0872
2/15/23,FOXNEWS,0.4015,0.0669
2/16/23,FOXNEWS,0.4152,0.1093
2/17/23,FOXNEWS,0.8116,0.0439
2/18/23,FOXNEWS,1.6005,0.0877
2/19/23,FOXNEWS,2.1836,0.3992
2/20/23,FOXNEWS,7.7011,2.3448
2/21/23,FOXNEWS,8.3184,1.8113
2/22/23,FOXNEWS,5.7958,1.8565
2/23/23,FOXNEWS,2.4099,0.7251
2/24/23,FOXNEWS,5.5263,1.1404
2/25/23,FOXNEWS,7.7214,1.4241
2/26/23,FOXNEWS,3.9202,0.6338
2/27/23,FOXNEWS,1.8824,0.2556
2/28/23,FOXNEWS,0.8872,0.0682
3/1/23,FOXNEWS,0.6098,0.0436
3/2/23,FOXNEWS,0.5447,0.0436
3/3/23,FOXNEWS,1.0138,0.2373
3/4/23,FOXNEWS,1.9338,0.489
3/5/23,FOXNEWS,1.1655,0.2331
3/6/23,FOXNEWS,0.7514,0.047
3/7/23,FOXNEWS,0.624,0.0223
3/8/23,FOXNEWS,0.6313,0.1127
3/9/23,FOXNEWS,1.1341,0.0667
3/10/23,FOXNEWS,1.1822,0.0669
3/11/23,FOXNEWS,1.3753,0.0699
3/12/23,FOXNEWS,0.9059,0
3/13/23,FOXNEWS,1.3061,0.0229
3/14/23,FOXNEWS,2.3185,0.3718
3/15/23,FOXNEWS,2.9675,0.4582
3/16/23,FOXNEWS,3.0583,0.418
3/17/23,FOXNEWS,2.5945,0.4473
3/18/23,FOXNEWS,1.825,0.2199
3/19/23,FOXNEWS,1.9631,0.1402
3/20/23,FOXNEWS,4.0617,0.2496
3/21/23,FOXNEWS,2.7566,0.381
3/22/23,FOXNEWS,0.9633,0.0688
3/23/23,FOXNEWS,0.6973,0.0675
3/24/23,FOXNEWS,0.9101,0.111
3/25/23,FOXNEWS,1.0325,0.0449
3/26/23,FOXNEWS,1.3651,0.0925
3/27/23,FOXNEWS,1.6485,0.3564
3/28/23,FOXNEWS,0.6761,0
3/29/23,FOXNEWS,0.8488,0.0447
3/30/23,FOXNEWS,1.1361,0.0214
3/31/23,FOXNEWS,0.7,0.0636
4/1/23,FOXNEWS,1.2128,0.0662
4/2/23,FOXNEWS,1.3715,0.1182
4/3/23,FOXNEWS,0.9082,0.0699
4/4/23,FOXNEWS,0.4296,0.1074
4/5/23,FOXNEWS,1.0865,0.2217
4/6/23,FOXNEWS,0.8715,0.1117
4/7/23,FOXNEWS,0.6941,0.112
4/8/23,FOXNEWS,0.6335,0.0226
4/9/23,FOXNEWS,1.5496,0.0242
4/10/23,FOXNEWS,1.3327,0.0919
4/11/23,FOXNEWS,1.7959,0.2273
4/12/23,FOXNEWS,3.4866,0.5552
4/13/23,FOXNEWS,2.1937,0.1773
4/14/23,FOXNEWS,2.2923,0.1816
4/15/23,FOXNEWS,1.5989,0.0888
4/16/23,FOXNEWS,1.1122,0.0473
4/17/23,FOXNEWS,0.7339,0.1606
4/18/23,FOXNEWS,0.315,0.045
4/19/23,FOXNEWS,0.3152,0.045
4/20/23,FOXNEWS,1.2337,0.2692
4/21/23,FOXNEWS,0.8147,0.1584
4/22/23,FOXNEWS,0.9848,0.0448
4/23/23,FOXNEWS,0.4947,0.0236
4/24/23,FOXNEWS,0.56,0.07
4/25/23,FOXNEWS,1.4526,0.2997
4/26/23,FOXNEWS,0.9423,0.2019
4/27/23,FOXNEWS,0.6113,0.1358
4/28/23,FOXNEWS,0.6264,0.0224
4/29/23,FOXNEWS,0.3775,0
4/30/23,FOXNEWS,0.5008,0.1138
5/1/23,FOXNEWS,0.5381,0.0234
5/2/23,FOXNEWS,0.8497,0.0671
5/3/23,FOXNEWS,1.5863,0.1072
5/4/23,FOXNEWS,1.4518,0.195
5/5/23,FOXNEWS,0.5567,0.1336
5/6/23,FOXNEWS,0.8461,0.1143
5/7/23,FOXNEWS,0.2505,0
5/8/23,FOXNEWS,0.2992,0.046
5/9/23,FOXNEWS,0.8211,0.2377
5/10/23,FOXNEWS,0.3903,0.1518
5/11/23,FOXNEWS,0.4097,0.1294
5/12/23,FOXNEWS,0.5257,0.0657
5/13/23,FOXNEWS,0.5942,0.1981
5/14/23,FOXNEWS,0.5084,0.1156
5/15/23,FOXNEWS,0.6297,0.2332
5/16/23,FOXNEWS,0.3768,0.0222
5/17/23,FOXNEWS,0.2884,0.0665
5/18/23,FOXNEWS,0.7412,0.0872
5/19/23,FOXNEWS,0.9434,0.2633
5/20/23,FOXNEWS,1.3833,0.4909
5/21/23,FOXNEWS,1.9818,0.5596
5/22/23,FOXNEWS,0.8881,0.1402
5/23/23,FOXNEWS,0.1129,0
5/24/23,FOXNEWS,0.3322,0.1329
5/25/23,FOXNEWS,0.4949,0.0225
5/26/23,FOXNEWS,0.1823,0.0456
5/27/23,FOXNEWS,0.3599,0
5/28/23,FOXNEWS,0.6042,0.0232
5/29/23,FOXNEWS,1.4455,0
5/30/23,FOXNEWS,0.8881,0.0222
5/31/23,FOXNEWS,0.636,0.1316
6/1/23,FOXNEWS,0.6898,0.2225
6/2/23,FOXNEWS,0.8095,0.1531
6/3/23,FOXNEWS,0.4039,0.1122
6/4/23,FOXNEWS,0.2411,0.1206
6/5/23,FOXNEWS,1.0164,0.1155
6/6/23,FOXNEWS,2.0143,0.1791
6/7/23,FOXNEWS,1.5769,0.3066
6/8/23,FOXNEWS,1.4388,0.3706
6/9/23,FOXNEWS,1.2598,0.5576
6/10/23,FOXNEWS,1.1883,0.5256
6/11/23,FOXNEWS,1.3959,0.5721
6/12/23,FOXNEWS,1.0272,0.2511
6/13/23,FOXNEWS,0.6019,0.1505
6/14/23,FOXNEWS,0.8876,0.3031
6/15/23,FOXNEWS,1.1737,0.2825
6/16/23,FOXNEWS,0.9166,0.3353
6/17/23,FOXNEWS,1.5189,0.272
6/18/23,FOXNEWS,0.9811,0.1402
6/19/23,FOXNEWS,1.0867,0.0679
6/20/23,FOXNEWS,0.7326,0.1508
6/21/23,FOXNEWS,0.4457,0.2122
6/22/23,FOXNEWS,0.9432,0.2934
6/23/23,FOXNEWS,0.92,0.1972
6/24/23,FOXNEWS,8.4753,0.2372
6/25/23,FOXNEWS,6.41,0.415
6/26/23,FOXNEWS,5.152,0.3249
6/27/23,FOXNEWS,1.3367,0.2074
6/28/23,FOXNEWS,0.4507,0.1127
6/29/23,FOXNEWS,1.0989,0.1758
6/30/23,FOXNEWS,0.1747,0.0655
7/1/23,FOXNEWS,0.7228,0.0452
7/2/23,FOXNEWS,0.7315,0.0488
7/3/23,FOXNEWS,1.0072,0.0719
7/4/23,FOXNEWS,0.8539,0.0692
7/5/23,FOXNEWS,0.3401,0
7/6/23,FOXNEWS,0.5983,0.023
7/7/23,FOXNEWS,1.9424,0.3428
7/8/23,FOXNEWS,1.4686,0.113
7/9/23,FOXNEWS,2.1118,0.624
7/10/23,FOXNEWS,3.3724,0.9602
7/11/23,FOXNEWS,3.8115,0.8796
7/12/23,FOXNEWS,3.812,0.6931
7/13/23,FOXNEWS,2.8219,0.8511
7/14/23,FOXNEWS,0.7779,0.1513
7/15/23,FOXNEWS,2.3014,0.3098
7/16/23,FOXNEWS,1.8297,0.1173
7/17/23,FOXNEWS,2.1764,0.1158
7/18/23,FOXNEWS,0.3746,0
7/19/23,FOXNEWS,0.9464,0.2151
7/20/23,FOXNEWS,0.6967,0.0871
7/21/23,FOXNEWS,1.2742,0.5688
7/22/23,FOXNEWS,0.8889,0.2889
7/23/23,FOXNEWS,1.1527,0.1647
7/24/23,FOXNEWS,2.2035,0.7501
7/25/23,FOXNEWS,0.8377,0.317
7/26/23,FOXNEWS,0.9914,0.3233
7/27/23,FOXNEWS,0.7664,0.3065
7/28/23,FOXNEWS,0.5931,0.2053
7/29/23,FOXNEWS,0.9365,0.2453
7/30/23,FOXNEWS,1.0056,0.5379
7/31/23,FOXNEWS,1.4453,0.6194
8/1/23,FOXNEWS,1.1957,0.7609
8/2/23,FOXNEWS,0.5863,0.2389
8/3/23,FOXNEWS,0.7401,0.4571
8/4/23,FOXNEWS,0.9626,0.4813
8/5/23,FOXNEWS,1.3173,0.4019
8/6/23,FOXNEWS,1.8641,0.7551
8/7/23,FOXNEWS,1.5172,0.4368
8/8/23,FOXNEWS,0.8774,0.18
8/9/23,FOXNEWS,1.2587,0.373
8/10/23,FOXNEWS,1.0894,0.3335
8/11/23,FOXNEWS,1.2141,0.5298
8/12/23,FOXNEWS,1.4232,0.2891
8/13/23,FOXNEWS,1.601,0.5496
8/14/23,FOXNEWS,0.8963,0.4137
8/15/23,FOXNEWS,0.4146,0.1658
8/16/23,FOXNEWS,0.5788,0.1336
8/17/23,FOXNEWS,0.6434,0.1553
8/18/23,FOXNEWS,1.1038,0.4636
8/19/23,FOXNEWS,0.5757,0.2436
8/20/23,FOXNEWS,0.8617,0.4425
8/21/23,FOXNEWS,0.5019,0.1597
8/22/23,FOXNEWS,1.775,0.5991
8/23/23,FOXNEWS,1.4566,0.1324
8/24/23,FOXNEWS,3.522,0.2647
8/25/23,FOXNEWS,1.8412,0.5768
8/26/23,FOXNEWS,1.6862,0.8768
8/27/23,FOXNEWS,2.4334,0.7416
8/28/23,FOXNEWS,1.5312,0.3378
8/29/23,FOXNEWS,0.8454,0.3337
8/30/23,FOXNEWS,0.9298,0.2959
8/31/23,FOXNEWS,1.1328,0.2945
9/1/23,FOXNEWS,0.6923,0.067
9/2/23,FOXNEWS,0.6623,0.0662
9/3/23,FOXNEWS,1.605,0.3722
9/4/23,FOXNEWS,0.7243,0.2263
9/5/23,FOXNEWS,0.7262,0.1068
9/6/23,FOXNEWS,0.9821,0.1746
9/7/23,FOXNEWS,1.5217,0.5652
9/8/23,FOXNEWS,1.2984,0.3741
9/9/23,FOXNEWS,1.6514,0.2455
9/10/23,FOXNEWS,0.6851,0
9/11/23,FOXNEWS,0.3157,0.0225
9/12/23,FOXNEWS,0.7811,0.217
9/13/23,FOXNEWS,1.4712,0.4264
9/14/23,FOXNEWS,0.9405,0.35
9/15/23,FOXNEWS,0.7103,0.1937
9/16/23,FOXNEWS,0.5161,0.0645
9/17/23,FOXNEWS,0.9066,0.3853
9/18/23,FOXNEWS,0.8844,0.1587
9/19/23,FOXNEWS,1.5814,0.2791
9/20/23,FOXNEWS,2.1973,0.4739
9/21/23,FOXNEWS,1.9625,0.3969
9/22/23,FOXNEWS,1.9476,0.2463
9/23/23,FOXNEWS,1.9819,0.3523
9/24/23,FOXNEWS,1.23,0.0928
9/25/23,FOXNEWS,0.8445,0.0938
9/26/23,FOXNEWS,1.3752,0.0917
9/27/23,FOXNEWS,1.4754,0.3279
9/28/23,FOXNEWS,1.7334,0.5977
9/29/23,FOXNEWS,0.6478,0.1564
9/30/23,FOXNEWS,2.1666,0
10/1/23,FOXNEWS,2.0972,0.286
10/2/23,FOXNEWS,0.8341,0.143
10/3/23,FOXNEWS,0.6554,0.1691
10/4/23,FOXNEWS,1.6916,0.1757
10/5/23,FOXNEWS,1.3542,0.2138
10/6/23,FOXNEWS,1.2845,0.2783
10/7/23,FOXNEWS,0.9914,0.1724
10/8/23,FOXNEWS,1.0685,0.2091
10/9/23,FOXNEWS,1.163,0.0878
10/10/23,FOXNEWS,1.2289,0.125
10/11/23,FOXNEWS,0.9371,0.1041
10/12/23,FOXNEWS,0.8183,0.021
10/13/23,FOXNEWS,0.5173,0.0828
10/14/23,FOXNEWS,0.6118,0.1055
10/15/23,FOXNEWS,0.9831,0.0702
10/16/23,FOXNEWS,0.9122,0.1824
10/17/23,FOXNEWS,1.1946,0.2389
10/18/23,FOXNEWS,1.2071,0.1665
10/19/23,FOXNEWS,2.2919,0.4108
10/20/23,FOXNEWS,5.4246,0.8137
10/21/23,FOXNEWS,1.8558,0.3237
10/22/23,FOXNEWS,2.6522,0.3229
10/23/23,FOXNEWS,1.9573,0.18
10/24/23,FOXNEWS,1.1554,0.2266
10/25/23,FOXNEWS,1.2473,0.1969
10/26/23,FOXNEWS,0.5399,0.04
10/27/23,FOXNEWS,0.4858,0.0607
10/28/23,FOXNEWS,0.6156,0.0637
10/29/23,FOXNEWS,0.9414,0.0471
10/30/23,FOXNEWS,1.3354,0.3169
10/31/23,FOXNEWS,2.8008,0.4244
11/1/23,FOXNEWS,1.9872,0.3632
11/2/23,FOXNEWS,1.4483,0.1946
11/3/23,FOXNEWS,1.2243,0.3061
11/4/23,FOXNEWS,1.258,0.1324
11/5/23,FOXNEWS,0.8218,0.1174
11/6/23,FOXNEWS,0.6521,0.045
11/7/23,FOXNEWS,0.5629,0.0649
11/8/23,FOXNEWS,0.617,0.0881
11/9/23,FOXNEWS,1.2776,0.3898
11/10/23,FOXNEWS,0.7464,0.2415
11/11/23,FOXNEWS,0.6979,0.1091
11/12/23,FOXNEWS,1.1204,0.1867
11/13/23,FOXNEWS,1.0332,0.0674
11/14/23,FOXNEWS,0.7617,0.1523
11/15/23,FOXNEWS,0.4344,0.0652
11/16/23,FOXNEWS,0.7635,0.1909
11/17/23,FOXNEWS,0.22,0.044
11/18/23,FOXNEWS,0.7581,0.1949
11/19/23,FOXNEWS,0.7885,0.2151
11/20/23,FOXNEWS,0.8708,0.0458
11/21/23,FOXNEWS,1.2198,0.0887
11/22/23,FOXNEWS,0.3541,0.0221
11/23/23,FOXNEWS,0.307,0.1096
11/24/23,FOXNEWS,0.1768,0.0663
11/25/23,FOXNEWS,0.2388,0.0217
11/26/23,FOXNEWS,0.7929,0.1166
11/27/23,FOXNEWS,0.2712,0.0452
11/28/23,FOXNEWS,0.1941,0.0216
11/29/23,FOXNEWS,0.6861,0.1328
11/30/23,FOXNEWS,0.6823,0.0853
12/1/23,FOXNEWS,0.361,0
12/2/23,FOXNEWS,0.8718,0.0218
12/3/23,FOXNEWS,1.0221,0.1394
12/4/23,FOXNEWS,2.0347,0.0925
12/5/23,FOXNEWS,1.3522,0.1963
12/6/23,FOXNEWS,2.1711,0.2822
12/7/23,FOXNEWS,2.3424,0.5035
12/8/23,FOXNEWS,1.6354,0.785
12/9/23,FOXNEWS,1.6903,0.4568
12/10/23,FOXNEWS,2.1451,0.6508
12/11/23,FOXNEWS,1.5914,0.3978
12/12/23,FOXNEWS,5.4198,1.1773
12/13/23,FOXNEWS,2.6271,0.6194
12/14/23,FOXNEWS,1.5449,0.5518
12/15/23,FOXNEWS,0.7651,0.315
12/16/23,FOXNEWS,0.9158,0.2399
12/17/23,FOXNEWS,1.6721,0.3948
12/18/23,FOXNEWS,0.6148,0.0473
12/19/23,FOXNEWS,0.5248,0.1369
12/20/23,FOXNEWS,0.6842,0.1368
12/21/23,FOXNEWS,0.5227,0.0682
12/22/23,FOXNEWS,0.6099,0.1581
12/23/23,FOXNEWS,0.5624,0.045
12/24/23,FOXNEWS,0.5868,0.0489
12/25/23,FOXNEWS,0.631,0.1262
12/26/23,FOXNEWS,0.1464,0
12/27/23,FOXNEWS,0.4269,0.1423
12/28/23,FOXNEWS,0.4917,0.1405
12/29/23,FOXNEWS,0.4528,0.0477
12/30/23,FOXNEWS,0.9172,0.1605
12/31/23,FOXNEWS,0.2802,0.1019
1/1/24,FOXNEWS,0.294,0.147
1/2/24,FOXNEWS,0.6995,0.1166
1/3/24,FOXNEWS,0.3242,0.0926
1/4/24,FOXNEWS,0.3452,0.023
1/5/24,FOXNEWS,0.2717,0.0679
1/6/24,FOXNEWS,0.4081,0.051
1/6/22,CNN,0.021,0
1/7/22,CNN,0.2122,0
1/8/22,CNN,0.5743,0
1/9/22,CNN,2.7075,0.2685
1/10/22,CNN,2.6895,0.0889
1/11/22,CNN,1.1671,0.0432
1/12/22,CNN,0.7104,0.0431
1/13/22,CNN,0.5902,0.0632
1/14/22,CNN,1.3625,0.0865
1/15/22,CNN,1.7023,0.1528
1/16/22,CNN,1.6794,0.1309
1/17/22,CNN,2.2697,0.2424
1/18/22,CNN,4.1248,0.3492
1/19/22,CNN,4.8695,0.5922
1/20/22,CNN,5.0874,1.6589
1/21/22,CNN,5.2438,0.7367
1/22/22,CNN,4.4607,0.2663
1/23/22,CNN,6.7411,0.5804
1/24/22,CNN,6.6302,0.8658
1/25/22,CNN,8.2253,0.7823
1/26/22,CNN,5.4962,0.9123
1/27/22,CNN,4.6752,0.5487
1/28/22,CNN,5.7705,0.9836
1/29/22,CNN,4.3666,0.7278
1/30/22,CNN,6.0729,0.2474
1/31/22,CNN,5.4218,0.36
2/1/22,CNN,3.5076,0.0905
2/2/22,CNN,4.1786,0.2199
2/3/22,CNN,3.5229,0.4236
2/4/22,CNN,3.3245,0.0881
2/5/22,CNN,2.3416,0.0918
2/6/22,CNN,3.5578,0.1576
2/7/22,CNN,6.3252,0.6459
2/8/22,CNN,5.6931,1.3051
2/9/22,CNN,3.573,0.1124
2/10/22,CNN,2.4841,0.1978
2/11/22,CNN,3.8917,0.7828
2/12/22,CNN,9.2414,1.2307
2/13/22,CNN,7.8056,1.5391
2/14/22,CNN,10.7372,1.3947
2/15/22,CNN,11.0128,0.8625
2/16/22,CNN,10.5957,1.3629
2/17/22,CNN,9.4236,0.8547
2/18/22,CNN,8.7678,1.1848
2/19/22,CNN,10.8233,1.4709
2/20/22,CNN,11.1062,1.0996
2/21/22,CNN,13.2385,1.8111
2/22/22,CNN,18.109,1.6227
2/23/22,CNN,16.0345,1.5086
2/24/22,CNN,21.7775,1.3136
2/25/22,CNN,17.5989,1.1055
2/26/22,CNN,17.8165,1.115
2/27/22,CNN,19.1354,0.6371
2/28/22,CNN,17.928,0.5076
3/1/22,CNN,17.9866,0.9172
3/2/22,CNN,18.4048,1.7897
3/3/22,CNN,17.2547,0.4325
3/4/22,CNN,16.8456,0.2685
3/5/22,CNN,18.0294,0.3851
3/6/22,CNN,19.5225,0.4462
3/7/22,CNN,18.2113,0.2317
3/8/22,CNN,16.0678,0.6102
3/9/22,CNN,15.7823,0.5193
3/10/22,CNN,18.7341,0.4158
3/11/22,CNN,18.1628,0.7887
3/12/22,CNN,19.4164,0.8732
3/13/22,CNN,20.1651,0.8253
3/14/22,CNN,20.1164,0.6937
3/15/22,CNN,16.0232,0.5579
3/16/22,CNN,18.4896,2.4282
3/17/22,CNN,15.7699,1.2686
3/18/22,CNN,15.6264,1.3375
3/19/22,CNN,17.4764,1.1973
3/20/22,CNN,19.4531,1.245
3/21/22,CNN,14.1938,0.8649
3/22/22,CNN,8.929,0.3005
3/23/22,CNN,14.0639,0.8873
3/24/22,CNN,16.386,1.8351
3/25/22,CNN,16.4295,1.8675
3/26/22,CNN,16.3992,1.6707
3/27/22,CNN,16.1023,2.1193
3/28/22,CNN,15.7631,1.0251
3/29/22,CNN,15.3719,0.7556
3/30/22,CNN,14.3671,0.8549
3/31/22,CNN,11.7413,0.5625
4/1/22,CNN,14.3775,0.3095
4/2/22,CNN,15.5587,0.3536
4/3/22,CNN,15.6329,0.2075
4/4/22,CNN,13.5723,0.4624
4/5/22,CNN,12.6299,0.3463
4/6/22,CNN,13.6048,0.4627
4/7/22,CNN,13.6101,0.1998
4/8/22,CNN,13.4875,0.0687
4/9/22,CNN,13.5445,0.1837
4/10/22,CNN,16.1155,0.1984
4/11/22,CNN,12.3596,0.4494
4/12/22,CNN,10.1504,0.5307
4/13/22,CNN,11.6402,1.2882
4/14/22,CNN,13.9335,0.95
4/15/22,CNN,13.9683,0.4535
4/16/22,CNN,14.5886,0.5699
4/17/22,CNN,13.2411,0.5998
4/18/22,CNN,13.9355,0.5447
4/19/22,CNN,11.381,0.4723
4/20/22,CNN,12.4915,0.5224
4/21/22,CNN,11.2261,1.1024
4/22/22,CNN,10.2862,0.5367
4/23/22,CNN,9.9466,0.0668
4/24/22,CNN,10.154,0.491
4/25/22,CNN,15.565,0.995
4/26/22,CNN,13.3068,0.1326
4/27/22,CNN,10.3694,0.2225
4/28/22,CNN,11.7621,1.1718
4/29/22,CNN,12.0052,0.8966
4/30/22,CNN,8.5675,0.2303
5/1/22,CNN,8.8389,0.6329
5/2/22,CNN,8.3258,0.5218
5/3/22,CNN,6.8481,0.2853
5/4/22,CNN,6.1745,0.022
5/5/22,CNN,6.0379,0.0661
5/6/22,CNN,7.6435,0.1971
5/7/22,CNN,7.8907,0.4188
5/8/22,CNN,7.7179,1.1532
5/9/22,CNN,10.2654,0.6361
5/10/22,CNN,8.7012,0.5971
5/11/22,CNN,5.815,0.3459
5/12/22,CNN,5.0237,0.194
5/13/22,CNN,6.9486,0.1726
5/14/22,CNN,5.6097,0.0866
5/15/22,CNN,3.462,0.0882
5/16/22,CNN,2.4287,0.0422
5/17/22,CNN,2.4847,0.0218
5/18/22,CNN,2.1393,0.0218
5/19/22,CNN,6.1871,0.5566
5/20/22,CNN,4.7261,0.7519
5/21/22,CNN,3.6139,0.6378
5/22/22,CNN,3.5266,0.1984
5/23/22,CNN,6.6782,0.8645
5/24/22,CNN,4.9317,0.5978
5/25/22,CNN,0.1285,0
5/26/22,CNN,0.857,0.0226
5/27/22,CNN,2.0962,0.1545
5/28/22,CNN,2.5849,0
5/29/22,CNN,2.7511,0.0224
5/30/22,CNN,3.4269,0.4643
5/31/22,CNN,3.8488,0.4302
6/1/22,CNN,4.2967,0.8367
6/2/22,CNN,1.8564,0.0895
6/3/22,CNN,2.4834,0.0665
6/4/22,CNN,1.8036,0.0445
6/5/22,CNN,2.4007,0.1528
6/6/22,CNN,3.6451,0.0659
6/7/22,CNN,1.1445,0.0432
6/8/22,CNN,1.3849,0.0879
6/9/22,CNN,0.7028,0.022
6/10/22,CNN,1.9043,0.0866
6/11/22,CNN,2.5719,0.1744
6/12/22,CNN,2.1066,0.0645
6/13/22,CNN,1.7029,0.0426
6/14/22,CNN,1.4382,0.0654
6/15/22,CNN,2.99,0.1993
6/16/22,CNN,3.5467,0.173
6/17/22,CNN,3.9824,0.242
6/18/22,CNN,3.4445,0.1733
6/19/22,CNN,3.0126,0.1084
6/20/22,CNN,2.3708,0.0671
6/21/22,CNN,1.1017,0.0864
6/22/22,CNN,1.6411,0.0219
6/23/22,CNN,1.7593,0
6/24/22,CNN,0.4672,0.0212
6/25/22,CNN,1.5926,0.1346
6/26/22,CNN,3.8093,0.5124
6/27/22,CNN,4.8048,0.3234
6/28/22,CNN,2.4634,0.3551
6/29/22,CNN,2.416,0.1841
6/30/22,CNN,4.1478,0.68
7/1/22,CNN,1.443,0.0916
7/2/22,CNN,1.7552,0.0684
7/3/22,CNN,1.2984,0.0464
7/4/22,CNN,1.626,0.0439
7/5/22,CNN,1.4881,0.0458
7/6/22,CNN,1.2142,0.0458
7/7/22,CNN,2.8802,0.2535
7/8/22,CNN,1.5145,0.0226
7/9/22,CNN,1.4305,0
7/10/22,CNN,1.8384,0.0681
7/11/22,CNN,1.6085,0.023
7/12/22,CNN,0.7338,0.0667
7/13/22,CNN,0.9138,0.0326
7/14/22,CNN,1.1675,0.1572
7/15/22,CNN,0.9557,0.1086
7/16/22,CNN,1.6364,0.0672
7/17/22,CNN,1.4617,0.043
7/18/22,CNN,2.0009,0.0674
7/19/22,CNN,1.0101,0.1122
7/20/22,CNN,1.2321,0.088
7/21/22,CNN,0.9582,0.0436
7/22/22,CNN,1.4836,0
7/23/22,CNN,2.1878,0.0221
7/24/22,CNN,2.3514,0
7/25/22,CNN,2.8413,0.0222
7/26/22,CNN,1.595,0
7/27/22,CNN,1.3651,0.0231
7/28/22,CNN,1.0391,0.0663
7/29/22,CNN,0.8766,0.0438
7/30/22,CNN,1.0841,0.0442
7/31/22,CNN,1.4759,0
8/1/22,CNN,1.963,0.0446
8/2/22,CNN,0.7122,0.0223
8/3/22,CNN,1.263,0.0886
8/4/22,CNN,0.8199,0.0665
8/5/22,CNN,0.5774,0
8/6/22,CNN,0.7299,0.0664
8/7/22,CNN,1.3336,0.0437
8/8/22,CNN,1.6111,0.0448
8/9/22,CNN,0.4621,0.022
8/10/22,CNN,0.7517,0.0442
8/11/22,CNN,0.8014,0.0433
8/12/22,CNN,0.5699,0.0219
8/13/22,CNN,0.7512,0.0221
8/14/22,CNN,0.7818,0.023
8/15/22,CNN,0.7436,0
8/16/22,CNN,0.7119,0
8/17/22,CNN,0.5503,0
8/18/22,CNN,0.9272,0
8/19/22,CNN,2.6118,0.0221
8/20/22,CNN,2.6252,0.1094
8/21/22,CNN,2.5647,0
8/22/22,CNN,4.8518,0
8/23/22,CNN,5.1865,0.0441
8/24/22,CNN,5.2667,0.2655
8/25/22,CNN,3.1686,0.2659
8/26/22,CNN,0.9952,0.0433
8/27/22,CNN,1.9256,0.1094
8/28/22,CNN,1.3225,0
8/29/22,CNN,1.7179,0
8/30/22,CNN,1.7654,0.0447
8/31/22,CNN,1.4041,0.0439
9/1/22,CNN,1.2163,0.0217
9/2/22,CNN,0.586,0.0209
9/3/22,CNN,0.9179,0
9/4/22,CNN,1.3502,0
9/5/22,CNN,0.6742,0
9/6/22,CNN,2.066,0
9/7/22,CNN,1.7318,0.0222
9/8/22,CNN,1.7666,0.1745
9/9/22,CNN,0.2142,0.0238
9/10/22,CNN,0.9831,0.0214
9/11/22,CNN,2.167,0.0226
9/12/22,CNN,2.8788,0
9/13/22,CNN,3.5691,0.0657
9/14/22,CNN,2.8212,0
9/15/22,CNN,2.4007,0.1746
9/16/22,CNN,2.7115,0.1085
9/17/22,CNN,2.3646,0.1326
9/18/22,CNN,2.2936,0.0874
9/19/22,CNN,1.2382,0
9/20/22,CNN,2.1135,0.2225
9/21/22,CNN,6.1982,0.6766
9/22/22,CNN,4.8469,0.4627
9/23/22,CNN,3.9156,0.0218
9/24/22,CNN,3.4468,0.3035
9/25/22,CNN,3.1147,0.1316
9/26/22,CNN,1.8995,0.0463
9/27/22,CNN,2.1455,0.074
9/28/22,CNN,1.5621,0.0237
9/29/22,CNN,0.2152,0
9/30/22,CNN,3.1908,0.185
10/1/22,CNN,4.8207,0.2096
10/2/22,CNN,2.4164,0.0226
10/3/22,CNN,3.1836,0.1129
10/4/22,CNN,3.1104,0.1333
10/5/22,CNN,2.2026,0.0881
10/6/22,CNN,2.1976,0.0906
10/7/22,CNN,3.72,0.5723
10/8/22,CNN,4.4969,0.2044
10/9/22,CNN,3.9532,0.1767
10/10/22,CNN,7.3578,0.4612
10/11/22,CNN,6.3007,0.4547
10/12/22,CNN,5.0187,0.5063
10/13/22,CNN,1.8952,0.0426
10/14/22,CNN,2.4939,0.0668
10/15/22,CNN,2.9128,0.1344
10/16/22,CNN,2.1898,0
10/17/22,CNN,3.4763,0.044
10/18/22,CNN,3.5235,0.1364
10/19/22,CNN,4.3304,0.1332
10/20/22,CNN,3.5437,0.1143
10/21/22,CNN,2.3878,0.1105
10/22/22,CNN,2.8534,0.0218
10/23/22,CNN,2.7448,0.022
10/24/22,CNN,2.6598,0.0224
10/25/22,CNN,3.4364,0.3895
10/26/22,CNN,4.0853,0.3404
10/27/22,CNN,3.5819,0.0676
10/28/22,CNN,1.2673,0.0226
10/29/22,CNN,1.3437,0.0683
10/30/22,CNN,1.2984,0.0224
10/31/22,CNN,1.6807,0
11/1/22,CNN,1.4965,0.0893
11/2/22,CNN,1.6685,0.0451
11/3/22,CNN,1.9453,0
11/4/22,CNN,1.4647,0
11/5/22,CNN,1.2896,0.0226
11/6/22,CNN,0.7533,0
11/7/22,CNN,1.8535,0.0221
11/8/22,CNN,0.4528,0
11/9/22,CNN,0.3601,0.0424
11/10/22,CNN,1.3567,0.1197
11/11/22,CNN,1.4439,0.078
11/12/22,CNN,2.3068,0.112
11/13/22,CNN,1.6056,0.1085
11/14/22,CNN,2.0075,0.2427
11/15/22,CNN,3.6733,0.4105
11/16/22,CNN,6.2173,0.3054
11/17/22,CNN,2.7211,0.1975
11/18/22,CNN,1.4348,0.1087
11/19/22,CNN,1.4521,0.022
11/20/22,CNN,2.215,0.0217
11/21/22,CNN,0.6812,0
11/22/22,CNN,1.4107,0
11/23/22,CNN,1.8256,0
11/24/22,CNN,1.8658,0.0228
11/25/22,CNN,2.4327,0
11/26/22,CNN,1.7532,0
11/27/22,CNN,1.0555,0.0225
11/28/22,CNN,1.6308,0.0652
11/29/22,CNN,1.81,0.0646
11/30/22,CNN,1.2809,0.0221
12/1/22,CNN,2.426,0.4897
12/2/22,CNN,2.3148,0.1764
12/3/22,CNN,2.6147,0.1329
12/4/22,CNN,1.7316,0.0866
12/5/22,CNN,1.6838,0.0219
12/6/22,CNN,1.5567,0
12/7/22,CNN,0.793,0
12/8/22,CNN,1.8006,0.2635
12/9/22,CNN,1.6062,0
12/10/22,CNN,1.4448,0.0657
12/11/22,CNN,2.5242,0.1352
12/12/22,CNN,2.1887,0.2189
12/13/22,CNN,1.4562,0.0217
12/14/22,CNN,1.8333,0.1746
12/15/22,CNN,1.6931,0.1759
12/16/22,CNN,3.3259,0.1109
12/17/22,CNN,2.7741,0.0666
12/18/22,CNN,1.2123,0.0229
12/19/22,CNN,1.0173,0
12/20/22,CNN,1.9214,0.131
12/21/22,CNN,9.9806,1.5122
12/22/22,CNN,10.8167,0.8102
12/23/22,CNN,1.8794,0.0874
12/24/22,CNN,1.7818,0.11
12/25/22,CNN,0.7049,0.0227
12/26/22,CNN,2.3479,0
12/27/22,CNN,2.9068,0.044
12/28/22,CNN,1.17,0.0221
12/29/22,CNN,2.8508,0.0445
12/30/22,CNN,2.341,0.0663
12/31/22,CNN,0.876,0
1/1/23,CNN,1.4346,0.0441
1/2/23,CNN,1.5262,0.0221
1/3/23,CNN,0.5963,0.0213
1/4/23,CNN,0.4202,0.0442
1/5/23,CNN,0.2144,0
1/6/23,CNN,0.9658,0
1/7/23,CNN,1.0699,0.021
1/8/23,CNN,0.8414,0
1/9/23,CNN,0.7337,0.0216
1/10/23,CNN,0.9112,0.0848
1/11/23,CNN,0.9908,0.1541
1/12/23,CNN,1.3651,0.065
1/13/23,CNN,1.7223,0.1292
1/14/23,CNN,1.4674,0.2158
1/15/23,CNN,1.8689,0.045
1/16/23,CNN,2.9418,0.2345
1/17/23,CNN,3.2168,0.1295
1/18/23,CNN,3.727,0.0867
1/19/23,CNN,3.3529,0.0653
1/20/23,CNN,7.5266,0.2442
1/21/23,CNN,4.4372,0.1299
1/22/23,CNN,2.8202,0.106
1/23/23,CNN,2.5096,0.0638
1/24/23,CNN,3.3304,0.1741
1/25/23,CNN,5.2111,0.6816
1/26/23,CNN,3.3799,0.3053
1/27/23,CNN,1.0894,0
1/28/23,CNN,0.3221,0
1/29/23,CNN,2.0281,0.0669
1/30/23,CNN,1.3923,0.1347
1/31/23,CNN,1.2113,0.173
2/1/23,CNN,1.6109,0.0209
2/2/23,CNN,1.9194,0.1066
2/3/23,CNN,2.5347,0.0433
2/4/23,CNN,1.292,0.1077
2/5/23,CNN,1.7094,0.0219
2/6/23,CNN,0.8458,0
2/7/23,CNN,1.2473,0.129
2/8/23,CNN,1.498,0.1712
2/9/23,CNN,1.7796,0.193
2/10/23,CNN,2.6765,0.1079
2/11/23,CNN,2.5121,0.3085
2/12/23,CNN,1.3161,0
2/13/23,CNN,1.4553,0
2/14/23,CNN,1.4353,0.0428
2/15/23,CNN,1.4594,0.0218
2/16/23,CNN,1.9895,0.0219
2/17/23,CNN,3.3913,0.2826
2/18/23,CNN,5.9004,0.2413
2/19/23,CNN,5.9309,0.8473
2/20/23,CNN,11.8447,3.4709
2/21/23,CNN,12.8593,3.566
2/22/23,CNN,10.6994,2.5214
2/23/23,CNN,3.8732,0.4043
2/24/23,CNN,11.5865,0.7202
2/25/23,CNN,8.4639,1.5231
2/26/23,CNN,6.8456,0.962
2/27/23,CNN,4.3051,0.2841
2/28/23,CNN,3.2265,0.2448
3/1/23,CNN,2.6577,0.0648
3/2/23,CNN,3.0336,0.0659
3/3/23,CNN,3.4108,0.4128
3/4/23,CNN,4.6929,0.6211
3/5/23,CNN,3.1543,0.0914
3/6/23,CNN,1.9526,0.0439
3/7/23,CNN,3.1873,0.0434
3/8/23,CNN,2.1623,0.0428
3/9/23,CNN,4.8146,0.3036
3/10/23,CNN,2.3033,0.0435
3/11/23,CNN,1.5511,0.0431
3/12/23,CNN,1.0979,0
3/13/23,CNN,1.0596,0.0221
3/14/23,CNN,3.7142,0.1748
3/15/23,CNN,4.1224,0.0868
3/16/23,CNN,2.4025,0.1322
3/17/23,CNN,4.6057,0.1738
3/18/23,CNN,5.0844,0.1298
3/19/23,CNN,2.4627,0
3/20/23,CNN,3.3456,0.0863
3/21/23,CNN,4.5306,0.1307
3/22/23,CNN,3.1057,0.0199
3/23/23,CNN,1.6307,0
3/24/23,CNN,1.3321,0.0188
3/25/23,CNN,1.693,0.0376
3/26/23,CNN,1.6891,0
3/27/23,CNN,1.3386,0
3/28/23,CNN,1.439,0
3/29/23,CNN,0.8254,0
3/30/23,CNN,1.6648,0.037
3/31/23,CNN,0.5527,0
4/1/23,CNN,1.7115,0.0192
4/2/23,CNN,2.2913,0
4/3/23,CNN,1.4009,0
4/4/23,CNN,0.9907,0
4/5/23,CNN,0.9373,0.0184
4/6/23,CNN,0.8731,0.0372
4/7/23,CNN,0.6309,0
4/8/23,CNN,1.8121,0
4/9/23,CNN,2.1481,0.0384
4/10/23,CNN,2.2162,0.0385
4/11/23,CNN,1.1343,0.0203
4/12/23,CNN,1.7912,0.0193
4/13/23,CNN,1.6253,0.0187
4/14/23,CNN,1.3985,0.0186
4/15/23,CNN,1.3915,0.0376
4/16/23,CNN,2.5106,0.0579
4/17/23,CNN,1.3784,0.0194
4/18/23,CNN,1.8793,0
4/19/23,CNN,1.533,0
4/20/23,CNN,1.2936,0
4/21/23,CNN,2.2201,0.0373
4/22/23,CNN,1.5894,0
4/23/23,CNN,0.9155,0
4/24/23,CNN,1.0616,0.0212
4/25/23,CNN,1.6556,0.0662
4/26/23,CNN,1.9721,0.0857
4/27/23,CNN,1.1482,0
4/28/23,CNN,3.4912,0
4/29/23,CNN,2.0806,0.0433
4/30/23,CNN,0.9868,0.0219
5/1/23,CNN,1.4183,0.0436
5/2/23,CNN,1.3551,0.0645
5/3/23,CNN,4.3231,0
5/4/23,CNN,4.0179,0.0638
5/5/23,CNN,2.4608,0.0636
5/6/23,CNN,0.6277,0.0866
5/7/23,CNN,1.5771,0.0666
5/8/23,CNN,1.8677,0
5/9/23,CNN,2.3151,0.0429
5/10/23,CNN,0.9561,0.0435
5/11/23,CNN,4.5205,0.1901
5/12/23,CNN,2.584,0.0861
5/13/23,CNN,3.0566,0.0217
5/14/23,CNN,2.5624,0.0446
5/15/23,CNN,2.4412,0.044
5/16/23,CNN,3.2202,0
5/17/23,CNN,1.7811,0
5/18/23,CNN,3.1641,0.4175
5/19/23,CNN,3.9499,0.4749
5/20/23,CNN,4.4602,0.7972
5/21/23,CNN,4.7212,0.7263
5/22/23,CNN,2.9556,0.2667
5/23/23,CNN,2.9118,0.0222
5/24/23,CNN,0.9465,0.022
5/25/23,CNN,1.9847,0.0902
5/26/23,CNN,2.8488,0.0449
5/27/23,CNN,2.3742,0.0871
5/28/23,CNN,1.8643,0.0867
5/29/23,CNN,2.8013,0.1086
5/30/23,CNN,3.1927,0
5/31/23,CNN,3.9823,0
6/1/23,CNN,2.776,0.0656
6/2/23,CNN,2.0934,0.022
6/3/23,CNN,3.6567,0.0438
6/4/23,CNN,3.6356,0.0657
6/5/23,CNN,5.1934,0.171
6/6/23,CNN,4.222,0.0218
6/7/23,CNN,3.0397,0.0444
6/8/23,CNN,3.3521,0.3539
6/9/23,CNN,0.5604,0.0801
6/10/23,CNN,1.153,0
6/11/23,CNN,1.8583,0.0875
6/12/23,CNN,1.0061,0.0437
6/13/23,CNN,0.7505,0.1459
6/14/23,CNN,1.3015,0
6/15/23,CNN,1.3931,0
6/16/23,CNN,1.868,0.0212
6/17/23,CNN,2.2174,0.0652
6/18/23,CNN,1.7888,0.1078
6/19/23,CNN,1.5431,0
6/20/23,CNN,1.9175,0.1784
6/21/23,CNN,0.8654,0.0649
6/22/23,CNN,1.0769,0.0845
6/23/23,CNN,2.0535,0.1497
6/24/23,CNN,10.5859,0.2832
6/25/23,CNN,10.2836,0.433
6/26/23,CNN,9.6904,0.3564
6/27/23,CNN,4.4974,0.0675
6/28/23,CNN,3.2149,0.1574
6/29/23,CNN,1.8469,0.089
6/30/23,CNN,1.5718,0.0456
7/1/23,CNN,1.0553,0.0688
7/2/23,CNN,2.1262,0.0693
7/3/23,CNN,4.1221,0.2277
7/4/23,CNN,4.0798,0.1813
7/5/23,CNN,3.4399,0.1522
7/6/23,CNN,2.7488,0.0948
7/7/23,CNN,5.5266,0.5436
7/8/23,CNN,6.6456,1.311
7/9/23,CNN,7.2801,1.4922
7/10/23,CNN,7.8234,1.7045
7/11/23,CNN,6.8821,1.1286
7/12/23,CNN,9.6137,1.9314
7/13/23,CNN,6.5585,0.8912
7/14/23,CNN,1.2384,0
7/15/23,CNN,1.2086,0
7/16/23,CNN,2.3799,0.2694
7/17/23,CNN,3.9073,0.0442
7/18/23,CNN,2.5763,0.0866
7/19/23,CNN,0.7796,0
7/20/23,CNN,2.3773,0.044
7/21/23,CNN,3.3931,0.0864
7/22/23,CNN,1.2208,0.0218
7/23/23,CNN,3.4002,0.1308
7/24/23,CNN,2.2484,0
7/25/23,CNN,2.2286,0.1324
7/26/23,CNN,2.3382,0.1948
7/27/23,CNN,0.8436,0.0649
7/28/23,CNN,1.674,0.0441
7/29/23,CNN,2.9204,0.0221
7/30/23,CNN,2.3641,0.1768
7/31/23,CNN,2.9996,0.1323
8/1/23,CNN,1.8135,0.2134
8/2/23,CNN,0.7742,0.0209
8/3/23,CNN,0.4585,0.0208
8/4/23,CNN,2.2293,0.1911
8/5/23,CNN,2.8005,0.1723
8/6/23,CNN,1.9219,0.0836
8/7/23,CNN,2.8172,0.0444
8/8/23,CNN,3.0673,0
8/9/23,CNN,1.7104,0.0222
8/10/23,CNN,1.0804,0.0225
8/11/23,CNN,1.5125,0.3025
8/12/23,CNN,1.172,0.3317
8/13/23,CNN,2.0902,0.242
8/14/23,CNN,0.8925,0
8/15/23,CNN,0.6608,0
8/16/23,CNN,0.8141,0
8/17/23,CNN,1.7489,0.0221
8/18/23,CNN,2.4978,0.1561
8/19/23,CNN,1.0504,0.0429
8/20/23,CNN,1.8053,0.086
8/21/23,CNN,1.5783,0.1534
8/22/23,CNN,0.9113,0
8/23/23,CNN,2.3632,0.0438
8/24/23,CNN,2.6408,0.0218
8/25/23,CNN,0.4171,0.0209
8/26/23,CNN,1.2282,0
8/27/23,CNN,0.6413,0
8/28/23,CNN,1.1401,0.1535
8/29/23,CNN,0.3028,0.0216
8/30/23,CNN,0.0648,0
8/31/23,CNN,0.7152,0.0224
9/1/23,CNN,1.5365,0
9/2/23,CNN,0.8934,0.0654
9/3/23,CNN,1.7685,0.1343
9/4/23,CNN,2.9654,0.3247
9/5/23,CNN,2.8634,0.4405
9/6/23,CNN,2.1997,0.3235
9/7/23,CNN,2.4934,0.2207
9/8/23,CNN,1.7145,0.3429
9/9/23,CNN,3.9242,0.5952
9/10/23,CNN,4.8894,0.3583
9/11/23,CNN,2.4043,0.1558
9/12/23,CNN,1.9557,0.086
9/13/23,CNN,2.198,0.1707
9/14/23,CNN,1.1593,0.0215
9/15/23,CNN,1.5224,0.1957
9/16/23,CNN,0.846,0.0868
9/17/23,CNN,2.5804,0.2187
9/18/23,CNN,2.3091,0.3201
9/19/23,CNN,7.0395,0.943
9/20/23,CNN,3.2333,0.7185
9/21/23,CNN,7.2311,0.6178
9/22/23,CNN,3.695,0.1922
9/23/23,CNN,3.1077,0.1332
9/24/23,CNN,1.9508,0
9/25/23,CNN,2.1528,0.0694
9/26/23,CNN,2.0279,0.079
9/27/23,CNN,1.5657,0.0505
9/28/23,CNN,1.6153,0.0757
9/29/23,CNN,1.7557,0.0763
9/30/23,CNN,8.4974,0.0777
10/1/23,CNN,10.6068,0.4409
10/2/23,CNN,4.5551,0.5061
10/3/23,CNN,1.3199,0.192
10/4/23,CNN,5.4893,0.4223
10/5/23,CNN,7.195,0.5951
10/6/23,CNN,3.3062,0.1084
10/7/23,CNN,1.2148,0.0258
10/8/23,CNN,0.415,0.0244
10/9/23,CNN,0.2924,0.0244
10/10/23,CNN,1.1297,0.0982
10/11/23,CNN,1.6405,0.0238
10/12/23,CNN,1.079,0.0981
10/13/23,CNN,0.371,0
10/14/23,CNN,0.7056,0
10/15/23,CNN,0.3322,0
10/16/23,CNN,0.6272,0
10/17/23,CNN,0.9784,0.0515
10/18/23,CNN,0.7104,0.0458
10/19/23,CNN,3.0654,0.7213
10/20/23,CNN,5.1712,1.0294
10/21/23,CNN,1.1978,0.2129
10/22/23,CNN,2.661,0.4258
10/23/23,CNN,0.9811,0.1006
10/24/23,CNN,0.5612,0
10/25/23,CNN,1.2054,0
10/26/23,CNN,0.1749,0.025
10/27/23,CNN,0.0748,0
10/28/23,CNN,0.5987,0.0249
10/29/23,CNN,1.3196,0.1847
10/30/23,CNN,0.7847,0.0262
10/31/23,CNN,3.42,0.2261
11/1/23,CNN,1.8605,0.1034
11/2/23,CNN,0.9709,0
11/3/23,CNN,1.4125,0.0523
11/4/23,CNN,0.9698,0.1078
11/5/23,CNN,0.9153,0.0523
11/6/23,CNN,0.3854,0.0257
11/7/23,CNN,1.1433,0.0266
11/8/23,CNN,0.579,0.0483
11/9/23,CNN,1.6888,0.2078
11/10/23,CNN,0.3981,0.0531
11/11/23,CNN,1.2824,0.0267
11/12/23,CNN,0.9957,0.1076
11/13/23,CNN,0.426,0.0266
11/14/23,CNN,0.7594,0.0524
11/15/23,CNN,0.4149,0.0778
11/16/23,CNN,1.2416,0.2069
11/17/23,CNN,0.1605,0.0267
11/18/23,CNN,0.8043,0.1609
11/19/23,CNN,1.1339,0.216
11/20/23,CNN,2.1174,0.1608
11/21/23,CNN,0.4002,0
11/22/23,CNN,1.0307,0
11/23/23,CNN,0.7727,0.0533
11/24/23,CNN,0.2776,0
11/25/23,CNN,0.4754,0
11/26/23,CNN,0.8171,0.0527
11/27/23,CNN,1.0541,0.0541
11/28/23,CNN,1.4682,0.0267
11/29/23,CNN,1.5102,0.0809
11/30/23,CNN,0.9838,0.0266
12/1/23,CNN,0.9023,0
12/2/23,CNN,1.3172,0.1344
12/3/23,CNN,1.3695,0.0274
12/4/23,CNN,2.0436,0.0538
12/5/23,CNN,3.0777,0.1061
12/6/23,CNN,3.7242,0.1849
12/7/23,CNN,2.9628,0.236
12/8/23,CNN,1.4817,0.431
12/9/23,CNN,1.454,0.2154
12/10/23,CNN,4.0795,0.5298
12/11/23,CNN,2.7027,0.5619
12/12/23,CNN,10.4533,1.5467
12/13/23,CNN,4.9033,0.6891
12/14/23,CNN,2.9289,0.1308
12/15/23,CNN,3.8573,0.2099
12/16/23,CNN,2.3561,0.1339
12/17/23,CNN,3.7166,0.3743
12/18/23,CNN,1.2476,0.0814
12/19/23,CNN,2.2004,0
12/20/23,CNN,0.2922,0.1062
12/21/23,CNN,0.4742,0
12/22/23,CNN,0.6706,0.0536
12/23/23,CNN,1.2416,0.054
12/24/23,CNN,0.5427,0.0271
12/25/23,CNN,0.5134,0.0811
12/26/23,CNN,0.9356,0.0535
12/27/23,CNN,1.8154,0.1037
12/28/23,CNN,1.0433,0.0763
12/29/23,CNN,4.34,0.2842
12/30/23,CNN,6.8228,0.6546
12/31/23,CNN,3.0155,0.3866
1/1/24,CNN,1.7824,0.1064
1/2/24,CNN,1.5238,0.1033
1/3/24,CNN,1.3534,0.0255
1/4/24,CNN,0.5537,0.0252
1/5/24,CNN,0.9741,0.095
1/6/24,CNN,0.7125,0.0285